{"type":"FeatureCollection","features":[{"type":"Feature","properties":{"code":"AG","name":"Aargau"},"geometry":{"type":"MultiPolygon","coordinates":[[[[8.4383874,47.407592],[8.4403716,47.4085235],[8.439096,47.4088081],[8.4383874,47.407592]]],[[[8.3066609,47.2507531],[8.3147056,47.2400641],[8.3140566,47.2357718],[8.3157558,47.2293453],[8.3180821,47.223549],[8.3209275,47.2211301],[8.3193388,47.2161116],[8.3252037,47.2147123],[8.3284665,47.2081626],[8.3302786,47.1976862],[8.3395934,47.1863314],[8.3387062,47.1786399],[8.3409495,47.1737653],[8.343551,47.1732192],[8.346458,47.1699733],[8.346506,47.1676592],[8.3491227,47.1660084],[8.3478256,47.1651385],[8.3576543,47.157128],[8.358364,47.1532859],[8.3609154,47.1525238],[8.3620983,47.1466246],[8.3742735,47.1430508],[8.3760816,47.1392545],[8.3899662,47.1397673],[8.4052906,47.1374801],[8.411982,47.14037],[8.4148735,47.1453089],[8.4119577,47.1534896],[8.4149986,47.1581233],[8.4149686,47.1655013],[8.4108748,47.1744424],[8.4021701,47.1771473],[8.4002649,47.1854146],[8.4052024,47.1961681],[8.400731,47.2075041],[8.4008283,47.2150954],[8.3966021,47.2196284],[8.3948683,47.2262209],[8.3972705,47.2306826],[8.4054883,47.2363724],[8.4109652,47.2465608],[8.4027641,47.2549369],[8.4043457,47.2609288],[8.4005419,47.2657558],[8.4022398,47.2722527],[8.3945042,47.2788453],[8.392419,47.2849829],[8.3886464,47.2900271],[8.3920698,47.2909958],[8.3970634,47.2879233],[8.4034628,47.2904403],[8.4035878,47.2917619],[8.4172269,47.2938629],[8.421581,47.2977792],[8.4291373,47.3006768],[8.4306221,47.3046242],[8.4295003,47.306907],[8.4318509,47.3082904],[8.4323032,47.3118366],[8.4457848,47.3199953],[8.4550999,47.334085],[8.4509943,47.3336253],[8.4485065,47.3302645],[8.4354871,47.3257486],[8.4294388,47.3273585],[8.4171897,47.3246078],[8.4132076,47.3263974],[8.4126004,47.3281629],[8.416725,47.3338056],[8.4163837,47.3362339],[8.4073203,47.3415753],[8.4041444,47.3462587],[8.4091503,47.3547912],[8.4073791,47.3562879],[8.4052132,47.3639194],[8.4079827,47.3672365],[8.4076477,47.3693641],[8.4005841,47.3705298],[8.4006007,47.3739976],[8.396767,47.3766353],[8.394631,47.3904433],[8.3964737,47.3939931],[8.3914014,47.3956713],[8.3832507,47.3947261],[8.3787199,47.4000316],[8.3663879,47.3988229],[8.3627555,47.4016143],[8.3648908,47.4022897],[8.3674265,47.400737],[8.3690768,47.4033153],[8.3761686,47.404804],[8.3791133,47.4025645],[8.3812341,47.4030625],[8.3839329,47.4055902],[8.3810792,47.4098428],[8.38537,47.4144829],[8.3817488,47.4162654],[8.3837913,47.4180257],[8.3867229,47.4167562],[8.3914412,47.4197719],[8.3921881,47.4221098],[8.3878307,47.427011],[8.3750683,47.430666],[8.3746871,47.4320941],[8.3770848,47.4338306],[8.3828582,47.4329057],[8.3850265,47.4359428],[8.3811138,47.4462254],[8.38175,47.4486977],[8.3868929,47.4495992],[8.3829015,47.4562438],[8.3803021,47.4561952],[8.3789876,47.459174],[8.3728316,47.45918],[8.3688413,47.4658035],[8.3656733,47.4662147],[8.3677742,47.4703514],[8.3753137,47.4711383],[8.3737216,47.4755421],[8.3741864,47.4804561],[8.363263,47.4808564],[8.362508,47.4908606],[8.3590545,47.4969312],[8.362799,47.5007234],[8.3578328,47.5024676],[8.3594103,47.5064245],[8.3616383,47.5078249],[8.3611931,47.5100324],[8.3682009,47.5111884],[8.3672287,47.5120685],[8.3732598,47.5111498],[8.3792024,47.514172],[8.3816327,47.5255484],[8.3842046,47.5282],[8.3863091,47.5287806],[8.3898145,47.52734],[8.3888771,47.526309],[8.3933119,47.5257197],[8.395717,47.5283161],[8.3948426,47.5314814],[8.4044161,47.5343156],[8.4010679,47.5400811],[8.404301,47.538386],[8.4060471,47.5403528],[8.4050921,47.5418561],[8.410965,47.5457698],[8.4173922,47.5458861],[8.4155198,47.5477205],[8.4146891,47.5542518],[8.4176749,47.558455],[8.4168639,47.5609338],[8.418751,47.5651612],[8.4250159,47.5673999],[8.4238077,47.5685154],[8.3979154,47.5772159],[8.3906954,47.5739788],[8.3851789,47.5668953],[8.3822022,47.5657252],[8.3591129,47.5700866],[8.3289791,47.5711022],[8.321281,47.5744722],[8.3108574,47.5833557],[8.2980632,47.5889311],[8.2953542,47.5940555],[8.2977363,47.6051882],[8.2929028,47.6087042],[8.2796711,47.6116984],[8.2649009,47.6093063],[8.260762,47.6144967],[8.2569124,47.6153157],[8.2446246,47.6124603],[8.2381183,47.6127506],[8.2309144,47.6066293],[8.2261437,47.6051227],[8.2196442,47.6175701],[8.2063097,47.6211118],[8.1971933,47.6185749],[8.1922887,47.6147311],[8.1852812,47.6054788],[8.1749205,47.6017799],[8.1643899,47.5939804],[8.1485876,47.5957068],[8.1383841,47.5902762],[8.1381137,47.5857075],[8.1357319,47.5836789],[8.11597,47.5838679],[8.1092689,47.58225],[8.1030688,47.5762457],[8.101661,47.5673157],[8.0993054,47.5626312],[8.0902497,47.5578287],[8.0812789,47.5580457],[8.069409,47.5643515],[8.0597028,47.563677],[8.0468696,47.5556119],[8.0214842,47.5504244],[8.0149841,47.5510953],[8.0075125,47.5548627],[7.999873,47.5564187],[7.9760565,47.5553109],[7.9598375,47.5581267],[7.9522199,47.5542123],[7.9505775,47.5482392],[7.9476027,47.5446226],[7.9420016,47.5441452],[7.9335113,47.5468006],[7.9179471,47.5475027],[7.9116053,47.5510394],[7.9072239,47.560453],[7.9113233,47.5662594],[7.9107687,47.5710912],[7.9034193,47.5805263],[7.8924773,47.5872681],[7.8847049,47.5888315],[7.8681196,47.5887418],[7.8426237,47.5821429],[7.8378087,47.5828164],[7.8328334,47.5865748],[7.8238148,47.5880042],[7.8182464,47.5862814],[7.8144053,47.5797758],[7.8115124,47.5692408],[7.8020506,47.5641567],[7.7959732,47.5575165],[7.7818315,47.5529884],[7.7583759,47.5484575],[7.752965,47.5449991],[7.7203416,47.5418905],[7.7140661,47.5398346],[7.7159646,47.5358264],[7.7241847,47.5364327],[7.7264312,47.5334382],[7.7336621,47.5323381],[7.737902,47.5273547],[7.7485679,47.5252178],[7.7578618,47.526051],[7.7893924,47.5190861],[7.7902407,47.5164232],[7.7877321,47.5134221],[7.7894895,47.5050694],[7.7923439,47.5037168],[7.7924618,47.5011928],[7.7866254,47.4931214],[7.7898348,47.4933561],[7.7935944,47.4960747],[7.7988902,47.4956515],[7.7967791,47.4973243],[7.7974335,47.4987282],[7.8022397,47.4969831],[7.8077773,47.4975237],[7.8143297,47.5043217],[7.8236056,47.5088582],[7.828703,47.514041],[7.8319848,47.5147402],[7.8332304,47.5303275],[7.8353025,47.531764],[7.8333923,47.5337616],[7.8465361,47.5326645],[7.8523391,47.5352386],[7.8573098,47.5332111],[7.8625693,47.5269203],[7.8639568,47.5193092],[7.8694483,47.5193252],[7.8722571,47.5222998],[7.8766677,47.5226935],[7.8756801,47.5131962],[7.8779641,47.5138768],[7.8840856,47.508494],[7.8938742,47.5061923],[7.8945342,47.5026137],[7.8983186,47.5012108],[7.8995833,47.4961767],[7.9047783,47.4921776],[7.904822,47.4849093],[7.920044,47.4825671],[7.9267489,47.4832892],[7.9332884,47.4814078],[7.9470153,47.48489],[7.9445,47.4812499],[7.9447561,47.4763991],[7.9401739,47.4628011],[7.9488544,47.4637797],[7.9574114,47.4589572],[7.9561601,47.4557273],[7.9593569,47.4547924],[7.9606338,47.4577773],[7.9679119,47.4624853],[7.9742854,47.4595479],[7.9766032,47.4542032],[7.9748783,47.4520017],[7.9806058,47.4489102],[7.9841084,47.4418084],[7.9836776,47.4374452],[7.9866406,47.430405],[7.9854653,47.4227641],[7.984237,47.4228923],[7.983843,47.4283108],[7.9827035,47.4283325],[7.9631993,47.4223547],[7.9742188,47.4194648],[7.9818982,47.4136165],[7.9902144,47.4135529],[7.9912502,47.4113325],[8.0031068,47.4088902],[8.007822,47.405193],[8.010421,47.4003577],[8.009801,47.3956968],[8.0119786,47.3946716],[8.0199685,47.3939889],[8.0203287,47.3958068],[8.026422,47.3956277],[8.0274219,47.3932172],[8.0311436,47.3831318],[8.0267806,47.368887],[8.02448,47.3658197],[8.0106068,47.3570496],[8.0128298,47.3543311],[8.0118255,47.3498165],[8.0038366,47.3453146],[8.0073558,47.339304],[8.0051906,47.3367516],[7.9903797,47.3319385],[7.9853394,47.3275699],[7.9778256,47.325984],[7.9765116,47.3234446],[7.9479779,47.3171443],[7.9478386,47.3325181],[7.9192163,47.3339523],[7.9083871,47.3418581],[7.9080926,47.339759],[7.8967297,47.3273465],[7.8960803,47.3242089],[7.8979102,47.3196295],[7.8917565,47.3157439],[7.8891052,47.3114896],[7.8736499,47.3117314],[7.8607575,47.3058518],[7.8528654,47.2914912],[7.8447846,47.2820154],[7.8418057,47.2744707],[7.8331751,47.2678756],[7.8251069,47.2655723],[7.8299175,47.2597283],[7.8298113,47.2557215],[7.8264922,47.2526137],[7.8280651,47.2498516],[7.8256818,47.2486887],[7.8260895,47.246926],[7.8281126,47.2434655],[7.8381929,47.2351123],[7.8420029,47.2357173],[7.8430183,47.2343513],[7.8532091,47.2324238],[7.8673945,47.2372962],[7.8972694,47.2430961],[7.9101007,47.2439465],[7.921166,47.2379111],[7.9334826,47.2358957],[7.9618784,47.2540589],[7.9519861,47.2654078],[7.9493324,47.2714382],[7.9506611,47.2746529],[7.9560273,47.2768613],[7.9716723,47.2761156],[7.9734603,47.2744878],[7.986895,47.2760246],[7.9953007,47.2815545],[8.0047904,47.2743725],[8.0053987,47.2691003],[8.0168721,47.2589256],[8.0157512,47.2441628],[8.0290851,47.2406028],[8.0301016,47.242156],[8.0629796,47.2466594],[8.0573848,47.252235],[8.0565664,47.2554394],[8.0626919,47.256662],[8.0659636,47.2549414],[8.0728578,47.2551594],[8.078597,47.2586582],[8.0782909,47.2599923],[8.0878594,47.2627359],[8.0987834,47.2601901],[8.1053292,47.2528219],[8.1090942,47.2445481],[8.1190561,47.2439034],[8.1244212,47.2413692],[8.1339595,47.2464711],[8.1583294,47.2497355],[8.1602605,47.2488301],[8.1749008,47.2535365],[8.1793311,47.2508418],[8.1807465,47.247395],[8.175131,47.2401144],[8.1718201,47.2401289],[8.1697742,47.2419496],[8.1559655,47.2394258],[8.1618626,47.2361538],[8.1597,47.2331397],[8.1633983,47.2299335],[8.1741047,47.2274952],[8.1727742,47.2250413],[8.1759828,47.2219037],[8.1861579,47.2226508],[8.1940077,47.226306],[8.2048298,47.2258281],[8.2041938,47.2299027],[8.2027348,47.2300188],[8.2039106,47.2362262],[8.205754,47.2382604],[8.2046346,47.2424748],[8.2077411,47.2473366],[8.2197523,47.2521612],[8.2283255,47.2728234],[8.2320598,47.2739368],[8.2424133,47.2723076],[8.2409897,47.2760083],[8.2422824,47.2762349],[8.2422241,47.2787211],[8.2450895,47.2797223],[8.2446221,47.2807593],[8.2486543,47.2811981],[8.2497996,47.2847488],[8.2526008,47.2865282],[8.2587085,47.2871939],[8.2617324,47.2825413],[8.2706757,47.2834771],[8.2715627,47.2808964],[8.2778405,47.2819988],[8.2869104,47.2792853],[8.29479,47.2729782],[8.3002619,47.2714828],[8.2948127,47.2661395],[8.2947693,47.2641736],[8.2965037,47.2585932],[8.3011512,47.2522635],[8.3066609,47.2507531]]]]}},{"type":"Feature","properties":{"code":"AI","name":"Appenzell Innerrhoden"},"geometry":{"type":"MultiPolygon","coordinates":[[[[9.3623178,47.3869049],[9.3617815,47.3863841],[9.3627466,47.3860116],[9.3623178,47.3869049]]],[[[9.6132106,47.443542],[9.6122317,47.4435042],[9.6129754,47.4431694],[9.6132106,47.443542]]],[[[9.5664175,47.4386723],[9.559007,47.433938],[9.5588944,47.4319293],[9.5637275,47.4289114],[9.5699224,47.4290505],[9.5753256,47.4257098],[9.5690519,47.4233938],[9.5677046,47.4217173],[9.5686975,47.4210639],[9.5761979,47.4214327],[9.5836045,47.4192879],[9.5819025,47.418106],[9.5832701,47.4181648],[9.5816447,47.4151837],[9.5854636,47.4147384],[9.5853339,47.4132611],[9.5812403,47.410755],[9.5837552,47.4099458],[9.6044065,47.4139927],[9.5887568,47.4216202],[9.5897742,47.4225345],[9.5886529,47.4253178],[9.6183988,47.4365581],[9.6178293,47.4376767],[9.6032455,47.436546],[9.5934901,47.4340739],[9.5908581,47.435252],[9.5752471,47.4338569],[9.5706259,47.4343432],[9.5687563,47.4385109],[9.5664175,47.4386723]]],[[[9.5471761,47.4298244],[9.5389315,47.4317421],[9.5389882,47.4275366],[9.5374287,47.4257811],[9.523368,47.4214289],[9.5269611,47.4152079],[9.5237443,47.4141831],[9.5241089,47.4131149],[9.5329053,47.4106728],[9.5110401,47.4026306],[9.5115079,47.396929],[9.5084965,47.3958005],[9.5095577,47.3946992],[9.5188308,47.3957969],[9.543145,47.399967],[9.545179,47.3988006],[9.543825,47.3956148],[9.5453817,47.3943004],[9.55188,47.3935038],[9.5552822,47.3964518],[9.5427554,47.4075541],[9.5434626,47.4085303],[9.5512841,47.4099826],[9.5550673,47.4077965],[9.5633846,47.4081584],[9.5661245,47.4055612],[9.5737106,47.4073776],[9.5735082,47.4121083],[9.5724005,47.4123672],[9.5762487,47.4158275],[9.564963,47.4165281],[9.5569514,47.4190872],[9.5547501,47.4268391],[9.5485331,47.4277533],[9.5471761,47.4298244]]],[[[9.5027684,47.3372213],[9.5029155,47.3474327],[9.4871514,47.3502532],[9.4792383,47.3472058],[9.4657539,47.346421],[9.4448333,47.3568781],[9.437939,47.3565023],[9.4290416,47.3708196],[9.4225443,47.3681325],[9.4192871,47.369638],[9.4118851,47.3687673],[9.4036706,47.3732301],[9.4012639,47.3779291],[9.3992124,47.3773625],[9.3936241,47.3802445],[9.3863849,47.3770844],[9.3855351,47.3792073],[9.3786697,47.3805282],[9.3793953,47.3864371],[9.3771848,47.3870595],[9.3731643,47.3863887],[9.371023,47.3840386],[9.3683847,47.3850586],[9.3540488,47.3841106],[9.3509824,47.3832729],[9.3511457,47.3821216],[9.3587233,47.3781326],[9.3593118,47.3737492],[9.357069,47.3711533],[9.3591324,47.3674264],[9.3614062,47.3665464],[9.3602343,47.3646457],[9.3648366,47.3590821],[9.3436299,47.3520892],[9.3459535,47.3455099],[9.3333942,47.3407759],[9.3289663,47.3308143],[9.3109759,47.3245417],[9.3097773,47.3217167],[9.3135897,47.3215835],[9.3170081,47.3161009],[9.3154701,47.3135438],[9.318318,47.3095264],[9.3153132,47.3067529],[9.3171101,47.3017431],[9.3127046,47.2941284],[9.3145377,47.2899871],[9.3185316,47.2883306],[9.3188853,47.2858728],[9.3231721,47.2830882],[9.3327535,47.2699548],[9.3339183,47.2632216],[9.3435275,47.2479033],[9.3507475,47.2445204],[9.3648794,47.2433131],[9.3820067,47.2339966],[9.401922,47.2375609],[9.4147975,47.2465341],[9.4262286,47.2471097],[9.4329864,47.2503615],[9.4377933,47.2507284],[9.4471614,47.2558054],[9.4511046,47.2600312],[9.4612391,47.2641021],[9.4735172,47.2720477],[9.4877576,47.2882911],[9.4868382,47.2907174],[9.4903226,47.2990618],[9.4888633,47.3018008],[9.4962566,47.3060143],[9.4928912,47.3106775],[9.4928704,47.3134934],[9.4984036,47.3187018],[9.500284,47.3294105],[9.5021609,47.329712],[9.5027684,47.3372213]]]]}},{"type":"Feature","properties":{"code":"AR","name":"Appenzell Ausserrhoden"},"geometry":{"type":"Polygon","coordinates":[[[9.3079797,47.2596075],[9.3086512,47.2546589],[9.3143911,47.2521464],[9.3186408,47.2478758],[9.323803,47.2470218],[9.3318151,47.2493512],[9.3428688,47.2494313],[9.3339183,47.2632216],[9.3327535,47.2699548],[9.3236265,47.2829059],[9.3135584,47.2914467],[9.3128002,47.2948654],[9.3165496,47.3026199],[9.3149627,47.3062497],[9.3182005,47.3094561],[9.3155519,47.3132078],[9.3166264,47.3157182],[9.3138363,47.3215931],[9.3098703,47.3223405],[9.3115784,47.3252429],[9.3153664,47.3269842],[9.3289663,47.3308143],[9.3333942,47.3407759],[9.3393876,47.3438547],[9.3456574,47.3448513],[9.343393,47.3507065],[9.3443741,47.3523343],[9.3650597,47.3581407],[9.3604011,47.3639997],[9.3614946,47.3661032],[9.3593496,47.3669512],[9.3570115,47.3718899],[9.359346,47.3731937],[9.3585684,47.3783312],[9.3507116,47.3825413],[9.3588162,47.3850964],[9.3718408,47.3840043],[9.3727561,47.3861613],[9.3770228,47.387176],[9.3788096,47.3867521],[9.379459,47.3844008],[9.3786697,47.3805282],[9.3855351,47.3792073],[9.3861639,47.3770579],[9.3903973,47.3776616],[9.3929467,47.380041],[9.3980629,47.3789212],[9.3988829,47.3773701],[9.4012509,47.3781666],[9.4003204,47.377407],[9.4035087,47.37608],[9.4020532,47.3748953],[9.4032051,47.3734073],[9.4118851,47.3687673],[9.4192871,47.369638],[9.4225443,47.3681325],[9.4311272,47.3706336],[9.430946,47.3667447],[9.437939,47.3565023],[9.4466574,47.3561432],[9.4657539,47.346421],[9.4792383,47.3472058],[9.4871514,47.3502532],[9.5029155,47.3474327],[9.5026395,47.3538165],[9.5000076,47.3600589],[9.5010353,47.3608615],[9.4990992,47.3615888],[9.4988604,47.3635532],[9.5009206,47.3679549],[9.4990749,47.3692373],[9.5048182,47.3740012],[9.5035858,47.3750682],[9.5041429,47.3826168],[9.502681,47.3839913],[9.5042044,47.3843541],[9.5043241,47.3882819],[9.5090682,47.3945922],[9.5083021,47.3955046],[9.5115079,47.396929],[9.5124559,47.4031912],[9.532731,47.4103278],[9.5303251,47.4114858],[9.5282061,47.4105567],[9.5229144,47.414],[9.5270181,47.4159703],[9.5242848,47.4183584],[9.5240987,47.4212115],[9.5293804,47.424182],[9.5374287,47.4257811],[9.5389296,47.4316147],[9.5412342,47.4316457],[9.5453983,47.4307326],[9.5500564,47.4273024],[9.5547501,47.4268391],[9.5542153,47.4236054],[9.5564414,47.4194434],[9.5612479,47.4177217],[9.5633535,47.4185396],[9.564963,47.4165281],[9.5759444,47.4158732],[9.5721889,47.4131889],[9.5738164,47.4076209],[9.5704176,47.406387],[9.5649132,47.4053042],[9.5629936,47.4082658],[9.5584403,47.4090982],[9.5532295,47.4077414],[9.549492,47.409872],[9.5423863,47.4082052],[9.5535127,47.3974113],[9.5569618,47.396741],[9.5651231,47.3992098],[9.5733141,47.4041148],[9.576425,47.4041898],[9.5744237,47.4056313],[9.5827065,47.408764],[9.5808427,47.4103466],[9.5852529,47.4127626],[9.5846702,47.4149296],[9.5813976,47.4163028],[9.5829248,47.4163535],[9.5827426,47.4199109],[9.5679521,47.4216001],[9.5753256,47.4257098],[9.5699224,47.4290505],[9.5695998,47.4277367],[9.5624018,47.4290075],[9.5585387,47.4317379],[9.5587882,47.4338604],[9.5645711,47.4378956],[9.5687101,47.4385488],[9.5706563,47.4359251],[9.5699002,47.4348044],[9.5735734,47.433942],[9.5922811,47.4354184],[9.5958437,47.4343249],[9.6032455,47.436546],[9.6291271,47.4396327],[9.6302229,47.4435478],[9.6205569,47.4479001],[9.6129736,47.4487828],[9.5975394,47.4562027],[9.5961828,47.4585467],[9.5897235,47.4574066],[9.5890209,47.4590733],[9.5799302,47.4625054],[9.5624822,47.4629436],[9.557205,47.4648557],[9.5470188,47.4630394],[9.5456889,47.4637524],[9.546868,47.4674426],[9.5424011,47.4690372],[9.532489,47.4678372],[9.5260542,47.4617051],[9.5272635,47.4568092],[9.5305202,47.4534523],[9.5091342,47.4494455],[9.5040894,47.4457461],[9.4952519,47.4423942],[9.4798335,47.4390375],[9.470502,47.4388499],[9.4508674,47.4308119],[9.4440795,47.4340653],[9.4355996,47.4343826],[9.432522,47.4295123],[9.4351059,47.4248861],[9.4346555,47.4216282],[9.4332996,47.4187077],[9.4302604,47.4181888],[9.4329719,47.41397],[9.4305412,47.4114932],[9.428639,47.4127061],[9.4278989,47.4104979],[9.429889,47.4096136],[9.4221684,47.4061228],[9.4132,47.4055451],[9.4088625,47.4024452],[9.4020837,47.4008658],[9.3924673,47.401096],[9.3871639,47.4054995],[9.3751502,47.4076752],[9.3706731,47.4074247],[9.3589422,47.4022944],[9.3548787,47.4032978],[9.3357961,47.3990755],[9.3281854,47.4011986],[9.3193933,47.3980406],[9.3038165,47.3954242],[9.279702,47.398345],[9.271901,47.4010137],[9.2682372,47.3993779],[9.2652705,47.4011828],[9.2578872,47.3987569],[9.2553987,47.4007388],[9.2466293,47.3985402],[9.2443899,47.3993157],[9.2370833,47.3962953],[9.2305476,47.3970774],[9.2323188,47.3958543],[9.2324898,47.3884107],[9.2305466,47.3871148],[9.2234516,47.3872042],[9.2193141,47.3850708],[9.2188261,47.3829431],[9.2216771,47.3786318],[9.2199545,47.3757866],[9.2208664,47.3738999],[9.2132179,47.3682362],[9.2130315,47.3651233],[9.2101624,47.3630544],[9.1991204,47.3614442],[9.191913,47.3624314],[9.1956179,47.3534664],[9.2045286,47.3572222],[9.2067233,47.3561267],[9.1988045,47.347214],[9.2056841,47.3423043],[9.206392,47.33907],[9.2223185,47.3433413],[9.2305429,47.3363318],[9.2331738,47.3314199],[9.2100836,47.3210933],[9.2130141,47.3196994],[9.2145941,47.3125921],[9.2177601,47.3080096],[9.2170451,47.2996954],[9.2240907,47.2935992],[9.2216842,47.2914196],[9.2220111,47.289088],[9.2170978,47.2845078],[9.2082109,47.2801428],[9.2067289,47.278336],[9.2073191,47.2759976],[9.2173379,47.2706747],[9.2338531,47.2653623],[9.2408677,47.264668],[9.2474909,47.2660802],[9.256435,47.2633444],[9.2735846,47.2699929],[9.2786074,47.2671951],[9.275098,47.265745],[9.2840881,47.2656574],[9.2897058,47.2603333],[9.2931368,47.2603955],[9.2971672,47.2574146],[9.3079797,47.2596075]],[[9.3623178,47.3869049],[9.3632449,47.386404],[9.3621695,47.3862378],[9.3623178,47.3869049]],[[9.6132106,47.443542],[9.6129754,47.4431694],[9.6122106,47.4432867],[9.6132106,47.443542]]]}},{"type":"Feature","properties":{"code":"BE","name":"Bern"},"geometry":{"type":"MultiPolygon","coordinates":[[[[7.1357931,46.9168465],[7.1346639,46.9193928],[7.1174724,46.9168293],[7.115213,46.9160448],[7.1132333,46.9105536],[7.1191553,46.9056215],[7.1176846,46.9050593],[7.1192805,46.9013282],[7.1230417,46.9001955],[7.1272584,46.9044577],[7.138444,46.9075421],[7.1359997,46.9116503],[7.1357931,46.9168465]]],[[[7.2101827,47.288834],[7.2062062,47.291983],[7.2085668,47.2943166],[7.2059944,47.2954654],[7.1637832,47.2940525],[7.1633876,47.2930869],[7.1693567,47.2908547],[7.1648347,47.2880737],[7.1658246,47.2860193],[7.1690161,47.2859928],[7.1702379,47.2839505],[7.1678858,47.2813518],[7.1685339,47.2751399],[7.149432,47.2693682],[7.1460524,47.2659131],[7.1469799,47.2629278],[7.1489387,47.262184],[7.1431017,47.2594775],[7.1427657,47.2557428],[7.1514658,47.2555056],[7.1499858,47.2541143],[7.1557833,47.2475406],[7.1397549,47.2431775],[7.1274785,47.2449907],[7.1114843,47.2419018],[7.1033551,47.2431206],[7.0972608,47.2395527],[7.0962407,47.237045],[7.0884297,47.2370031],[7.0857411,47.2399777],[7.0888346,47.2415783],[7.0872339,47.2434733],[7.0851819,47.2453775],[7.079596,47.2434018],[7.0793652,47.2474348],[7.0598244,47.2427963],[7.0572239,47.2410319],[7.0562924,47.2378182],[7.0586715,47.23119],[7.0473475,47.2270587],[7.0302879,47.2022764],[7.0234483,47.1956998],[6.9964251,47.1933278],[6.9942459,47.1868517],[6.9862844,47.1772092],[6.9807697,47.1742874],[6.9770263,47.1749374],[6.9696853,47.1811762],[6.9617853,47.1820909],[6.9567074,47.1809117],[6.953361,47.1827646],[6.9554155,47.183892],[6.9524667,47.1871582],[6.9494371,47.1865601],[6.9414234,47.1845336],[6.9382032,47.1751614],[6.9298868,47.1693567],[6.916671,47.164335],[6.9040858,47.1566148],[6.8837226,47.1504093],[6.8824736,47.1531491],[6.8796221,47.1542724],[6.879878,47.1584689],[6.8768724,47.1608655],[6.8719698,47.1741209],[6.8633237,47.1684462],[6.8614914,47.1656344],[6.888803,47.1311258],[6.8810003,47.1083874],[6.8717911,47.102857],[6.8668643,47.0851144],[6.9157266,47.1037803],[6.9265867,47.109146],[6.9298273,47.1125926],[6.9363444,47.108725],[6.9483349,47.1124143],[6.9959624,47.1189007],[7.007756,47.1242156],[7.0255874,47.1241289],[7.0310741,47.1273109],[7.0382355,47.1264354],[7.0399631,47.1246461],[7.0304197,47.1187167],[7.0235042,47.1121997],[7.0287285,47.1036698],[7.0406076,47.1090009],[7.0571402,47.0996796],[7.075677,47.0962588],[7.086657,47.0858616],[7.0870542,47.0815513],[7.077004,47.0759592],[7.0807701,47.072563],[7.0802881,47.0673996],[7.082837,47.0665758],[7.0816919,47.0648897],[7.0876538,47.0597376],[7.0781834,47.051934],[7.0660859,47.0453175],[7.0522203,47.0429833],[7.0403581,47.0369692],[7.0332889,47.0297834],[7.033285,47.0158907],[7.0309514,47.0109763],[7.0251088,47.0060683],[7.0401341,46.9798952],[7.0577811,46.976872],[7.092301,46.9761236],[7.1560802,46.9860329],[7.1966728,47.0001363],[7.1963072,47.0021287],[7.19938,47.0012089],[7.2050905,47.006263],[7.2102439,47.0039452],[7.2129896,47.0068036],[7.2155616,47.0052575],[7.2175563,47.00621],[7.2231194,46.9981309],[7.2257486,46.9991514],[7.2258893,46.9965606],[7.2222224,46.9931596],[7.2291654,46.9906792],[7.2348632,46.9867543],[7.2356198,46.9846009],[7.2286475,46.9786475],[7.2216348,46.9755563],[7.2225475,46.974588],[7.2147453,46.9713629],[7.2142222,46.9669235],[7.2074529,46.9675116],[7.2064628,46.9641261],[7.1979445,46.9644465],[7.1946254,46.962902],[7.1943471,46.9616014],[7.1997039,46.9593329],[7.2074202,46.9596711],[7.2104038,46.9568198],[7.2079937,46.950828],[7.2082084,46.9485684],[7.2101117,46.947808],[7.2098049,46.9427713],[7.2027945,46.9393562],[7.2030015,46.9373417],[7.211629,46.9312991],[7.2126837,46.9284531],[7.2110337,46.9256804],[7.2069196,46.9248071],[7.2054721,46.9217392],[7.2068358,46.9178594],[7.2060897,46.9128095],[7.2078088,46.9091345],[7.199125,46.9039045],[7.1883719,46.9007397],[7.1953153,46.8990055],[7.1999509,46.9024596],[7.2088021,46.902606],[7.2124411,46.9017293],[7.2174071,46.8974809],[7.2229764,46.9024847],[7.2303234,46.9039413],[7.2289142,46.903213],[7.2356438,46.8984867],[7.2431438,46.897917],[7.2441999,46.9001355],[7.2593056,46.897968],[7.2663406,46.8936072],[7.2801963,46.8895974],[7.2893795,46.89377],[7.3093497,46.8915234],[7.3257309,46.8937321],[7.3469682,46.8897019],[7.3530308,46.8871913],[7.3523912,46.876212],[7.3538601,46.8712946],[7.3583839,46.8687956],[7.359247,46.8631069],[7.3493384,46.8533121],[7.3472641,46.8537531],[7.3382089,46.8494551],[7.3342324,46.8524016],[7.3260344,46.8516321],[7.3230042,46.8547648],[7.330699,46.8576299],[7.3208715,46.8615405],[7.3173922,46.860601],[7.3177787,46.862266],[7.3164082,46.8625929],[7.3125783,46.8607273],[7.3113917,46.855494],[7.3022792,46.8520942],[7.3057159,46.8503192],[7.3075476,46.8470378],[7.3233281,46.8404104],[7.3292551,46.8356293],[7.331226,46.831767],[7.3289132,46.8289968],[7.3202528,46.8267363],[7.3207236,46.8201129],[7.3192623,46.8172779],[7.3202765,46.8148952],[7.3104392,46.8082279],[7.3073182,46.7987162],[7.3015928,46.7928272],[7.303509,46.78887],[7.3022971,46.785659],[7.3044688,46.784147],[7.3011313,46.7813434],[7.3008113,46.7790541],[7.2963903,46.7772857],[7.290469,46.7720491],[7.2928768,46.7715463],[7.2931934,46.7682613],[7.2978992,46.7655339],[7.3035949,46.7591894],[7.3041733,46.7471058],[7.298342,46.7401273],[7.2968491,46.7356457],[7.2970436,46.7269056],[7.3000233,46.7224712],[7.3078452,46.7171732],[7.3101056,46.7181473],[7.3281913,46.7166247],[7.3495092,46.7122045],[7.350611,46.7085469],[7.3462471,46.702207],[7.3457414,46.6989404],[7.3594605,46.6979845],[7.3625686,46.6991824],[7.3648642,46.6949661],[7.3686098,46.6926129],[7.3769418,46.6927116],[7.3802098,46.6901849],[7.3759225,46.6877654],[7.3777459,46.6835468],[7.3728961,46.6801526],[7.3764489,46.6750274],[7.3710783,46.6694179],[7.3725181,46.6675747],[7.3693322,46.6556358],[7.377257,46.6562614],[7.3620767,46.6479042],[7.3584082,46.6438771],[7.3574861,46.6396345],[7.3553418,46.6421233],[7.3558245,46.6453609],[7.3516065,46.647452],[7.350724,46.6516335],[7.3451729,46.6553877],[7.3211375,46.6546171],[7.3296926,46.6418326],[7.3241958,46.6376019],[7.3138296,46.6364153],[7.312107,46.6217039],[7.3178594,46.6185678],[7.3148299,46.6004193],[7.32073,46.5918589],[7.3125023,46.5891777],[7.3080421,46.5813192],[7.3035214,46.5797395],[7.29829,46.5792091],[7.2813586,46.5841108],[7.2680968,46.5736903],[7.2638506,46.5675155],[7.2557366,46.5602908],[7.2370801,46.5537934],[7.2371593,46.5463538],[7.245936,46.5378253],[7.2451079,46.5326913],[7.2466303,46.5312185],[7.2489917,46.5176254],[7.2452643,46.5021827],[7.2395724,46.4957891],[7.2326764,46.4948821],[7.2350629,46.4932081],[7.2361942,46.4880272],[7.2245097,46.4869564],[7.2249853,46.4774797],[7.230865,46.4665242],[7.2291529,46.459508],[7.2263691,46.4574702],[7.2317136,46.4543209],[7.2266783,46.4519527],[7.2256855,46.445587],[7.2231093,46.4423114],[7.2131424,46.4395041],[7.1950694,46.4406451],[7.1925415,46.4352231],[7.2098667,46.416279],[7.2072123,46.4100717],[7.2077831,46.4029803],[7.2045299,46.400415],[7.2037392,46.397211],[7.1949378,46.384901],[7.1937313,46.3791079],[7.2079171,46.3789555],[7.2073249,46.3734149],[7.2096864,46.3722173],[7.2108871,46.3676978],[7.2161096,46.3619942],[7.2263584,46.3650271],[7.2300053,46.3619079],[7.2262087,46.3590832],[7.2194419,46.3577794],[7.2225572,46.3485723],[7.2217297,46.3294194],[7.2325299,46.3265258],[7.2460169,46.327861],[7.2526889,46.3301394],[7.2623268,46.3378592],[7.2600309,46.3447484],[7.2624387,46.3492867],[7.2604974,46.3544622],[7.2620405,46.357454],[7.2907006,46.3671762],[7.2987988,46.3662572],[7.3102862,46.3751591],[7.3127579,46.3706744],[7.3127442,46.3648864],[7.3083678,46.3584193],[7.3099179,46.3560307],[7.3082326,46.3510847],[7.3150823,46.3442706],[7.3188983,46.3439125],[7.3549511,46.3507667],[7.3629062,46.3567029],[7.3676576,46.3575606],[7.3781704,46.3640657],[7.3815393,46.3643874],[7.3864567,46.3690987],[7.3883827,46.3689356],[7.3928653,46.3731599],[7.3998168,46.376462],[7.4010004,46.374207],[7.4168585,46.3801743],[7.4274164,46.3805845],[7.433391,46.3850836],[7.4386303,46.3861488],[7.442404,46.3832759],[7.4543306,46.3832084],[7.4591138,46.3810064],[7.4588312,46.3785174],[7.4621362,46.3764207],[7.4640531,46.3780555],[7.4702174,46.3787421],[7.4732914,46.3836194],[7.4814205,46.3841448],[7.4849524,46.3783011],[7.4851503,46.3726371],[7.4865983,46.3708889],[7.4904012,46.3702875],[7.4946242,46.371908],[7.4993216,46.3698839],[7.5025044,46.3704828],[7.5071568,46.3758424],[7.526966,46.3746245],[7.5378384,46.3771534],[7.5410551,46.3839649],[7.5552666,46.3889833],[7.5475242,46.393718],[7.5408052,46.3948579],[7.5291792,46.3998256],[7.5335445,46.4094064],[7.5393976,46.4117535],[7.5508737,46.4120988],[7.5545887,46.4136742],[7.5623772,46.4124357],[7.5785269,46.4173197],[7.5827082,46.4173488],[7.5864465,46.4137021],[7.5957488,46.4112172],[7.6001905,46.415973],[7.5973893,46.4206835],[7.5998385,46.4228849],[7.6062136,46.4241325],[7.6102338,46.4285845],[7.608349,46.4345527],[7.6096497,46.4367424],[7.6217232,46.4396321],[7.6258238,46.4445569],[7.6928726,46.4249083],[7.6985283,46.4195696],[7.7085237,46.4138964],[7.7155954,46.4148167],[7.7218654,46.4210113],[7.7350938,46.4233435],[7.7562502,46.4349469],[7.7635043,46.4372094],[7.7654087,46.4394877],[7.7779711,46.4431329],[7.7794137,46.446729],[7.7845189,46.4490728],[7.7859923,46.4514717],[7.7926298,46.4538978],[7.7987032,46.4589288],[7.8254648,46.4670832],[7.828503,46.4709446],[7.8442992,46.4781461],[7.8699489,46.4777818],[7.8872547,46.4809533],[7.8908952,46.4833947],[7.898117,46.4826911],[7.9065797,46.4869746],[7.9111094,46.4866861],[7.9162561,46.4913873],[7.923266,46.4916725],[7.9244333,46.4954818],[7.9326577,46.4982071],[7.9349937,46.5036313],[7.9420019,46.5077566],[7.9535351,46.5080469],[7.9676924,46.5128576],[7.9707956,46.5170532],[7.9704044,46.5210131],[7.9728791,46.5235203],[7.9631811,46.535458],[7.9635491,46.5398013],[7.9739848,46.5464522],[7.985569,46.547599],[7.9967604,46.5582196],[8.0004689,46.5577482],[8.0157575,46.5632514],[8.0325977,46.5621772],[8.0431281,46.5568703],[8.0541144,46.5558728],[8.0614305,46.5513622],[8.0626374,46.5530215],[8.0764983,46.5553943],[8.0833855,46.5521754],[8.0936127,46.5514333],[8.1002618,46.5481473],[8.1050663,46.5486501],[8.1148281,46.5462176],[8.1267017,46.5371631],[8.1497199,46.5318128],[8.1745084,46.5314153],[8.1744954,46.524148],[8.1790975,46.5227255],[8.1806699,46.5203934],[8.2000476,46.5240256],[8.2057301,46.5231058],[8.2187461,46.5264627],[8.2412309,46.5265761],[8.2580618,46.5294428],[8.2634948,46.5335687],[8.2739036,46.5365244],[8.2796086,46.5362125],[8.2870306,46.5423197],[8.2940856,46.5449027],[8.3027661,46.5455298],[8.3127183,46.5525142],[8.3125546,46.5543651],[8.3183751,46.5597372],[8.3366047,46.561123],[8.3439454,46.5642177],[8.3506413,46.5683618],[8.3515195,46.5717389],[8.3639968,46.5818343],[8.3605934,46.5863018],[8.3633062,46.5916161],[8.3618932,46.6017862],[8.3647792,46.6037383],[8.370515,46.6139378],[8.3709547,46.6188679],[8.369118,46.6203112],[8.3688621,46.6259935],[8.3724162,46.6329834],[8.3714122,46.6341155],[8.3741071,46.6327715],[8.3801442,46.6341576],[8.3900688,46.643874],[8.3947484,46.6460582],[8.398973,46.6540503],[8.4102289,46.653028],[8.4084278,46.6656273],[8.4027308,46.6684319],[8.3978955,46.6750085],[8.3990163,46.6784732],[8.3976753,46.6837096],[8.3994872,46.6925725],[8.4122257,46.690715],[8.414459,46.6895549],[8.4148039,46.6874385],[8.4281838,46.6860641],[8.4332857,46.6868974],[8.4405661,46.6855297],[8.452286,46.6887448],[8.4550678,46.6975229],[8.4522883,46.70467],[8.4536876,46.7105631],[8.4474234,46.714158],[8.4470721,46.72706],[8.4495571,46.7295652],[8.4412902,46.7368535],[8.4404239,46.7436058],[8.4437651,46.747102],[8.4390348,46.7524278],[8.4411906,46.7542423],[8.4435551,46.7538822],[8.44686,46.7577242],[8.4483186,46.7634232],[8.4464717,46.7661327],[8.4466318,46.769995],[8.4421481,46.769887],[8.435491,46.7725081],[8.4230468,46.7705615],[8.4195387,46.7734991],[8.4146324,46.7743221],[8.3971528,46.7655407],[8.3911577,46.7777987],[8.3823173,46.7801894],[8.3768952,46.7858492],[8.3693497,46.7882203],[8.3599152,46.7829668],[8.3318824,46.7799138],[8.3066227,46.7641848],[8.2995441,46.7613885],[8.2984247,46.7622776],[8.2958748,46.7595093],[8.2842123,46.7537597],[8.2755108,46.755087],[8.2692757,46.7543134],[8.2593779,46.7638145],[8.2402847,46.7695033],[8.2390658,46.7696107],[8.2339122,46.7619525],[8.2219698,46.7610661],[8.2085964,46.7690716],[8.1963029,46.7679295],[8.1897906,46.7703167],[8.1726338,46.7646646],[8.1679329,46.7653549],[8.1631264,46.7613112],[8.1469413,46.7548388],[8.1218255,46.7703745],[8.1135173,46.7733979],[8.1023471,46.7738054],[8.0995554,46.7782733],[8.096305,46.7795299],[8.0887195,46.7875599],[8.0757495,46.7860038],[8.0683668,46.7884292],[8.0598223,46.7863926],[8.0550616,46.788437],[8.0451845,46.7870925],[8.0303795,46.7901408],[8.0173322,46.7882247],[8.0045324,46.7831756],[7.9968835,46.7821718],[7.9934336,46.7786396],[7.985113,46.775041],[7.9757124,46.7773076],[7.9699686,46.7821578],[7.9687023,46.7851289],[7.9540418,46.7912107],[7.9528453,46.7929795],[7.9539164,46.7951407],[7.946745,46.8052516],[7.9287598,46.8164679],[7.9043653,46.8275653],[7.8770771,46.8370701],[7.870442,46.8438591],[7.870111,46.8475751],[7.8676102,46.8503665],[7.867292,46.8586814],[7.8694594,46.8637162],[7.8646831,46.8662856],[7.864264,46.8695593],[7.8577755,46.870755],[7.8566122,46.8834882],[7.8595611,46.8857916],[7.86719,46.8869203],[7.8730479,46.8896749],[7.87339,46.8929944],[7.8774749,46.8980617],[7.8809553,46.8992823],[7.8797938,46.9012692],[7.8826601,46.9035355],[7.883082,46.9065954],[7.8804301,46.9105324],[7.8746758,46.9113161],[7.8676591,46.9157602],[7.8728004,46.9243796],[7.8769266,46.9273754],[7.8981343,46.9347348],[7.9079254,46.9326868],[7.9143563,46.9340983],[7.9208579,46.9418185],[7.9219865,46.9468987],[7.9290792,46.9481861],[7.9313227,46.9501121],[7.9325074,46.9571239],[7.9315513,46.9606164],[7.93617,46.9644065],[7.9400964,46.9647445],[7.9461172,46.9688509],[7.9439092,46.9771833],[7.9524714,46.9820265],[7.9482414,46.9933026],[7.9520255,46.996586],[7.9556074,47.0029268],[7.9500774,47.0070448],[7.9323225,47.0044443],[7.9275828,47.0065705],[7.9250637,47.0103736],[7.9228674,47.0105535],[7.9018248,47.0062527],[7.8969262,47.0130375],[7.900535,47.0179775],[7.8947482,47.0221656],[7.8923671,47.0301012],[7.8838008,47.0335725],[7.8815896,47.0405926],[7.8751585,47.0408836],[7.8672267,47.0496315],[7.8681182,47.0518438],[7.8660156,47.0534194],[7.873358,47.0614064],[7.8711583,47.062524],[7.8716492,47.0642059],[7.8772772,47.0715873],[7.8761156,47.0734516],[7.8774552,47.073882],[7.8783512,47.0784742],[7.8767025,47.0796533],[7.8801352,47.081266],[7.8782656,47.0819792],[7.8816421,47.0887549],[7.8779016,47.092947],[7.8795077,47.0955217],[7.8735918,47.0978429],[7.8755322,47.1009858],[7.8729085,47.1043016],[7.8744519,47.1087189],[7.873963,47.1101056],[7.8681449,47.1119748],[7.8698147,47.1155634],[7.8670538,47.1166821],[7.8673158,47.1200626],[7.8701961,47.1228269],[7.8845678,47.1275534],[7.8864922,47.1316861],[7.8891554,47.1318257],[7.8884733,47.1344372],[7.889745,47.1345615],[7.8900098,47.1384267],[7.8890019,47.1418909],[7.8796599,47.149404],[7.8759784,47.1575345],[7.8767352,47.1667696],[7.8829405,47.1723452],[7.8794182,47.1775257],[7.8803892,47.1778514],[7.8752065,47.1833867],[7.859592,47.1927946],[7.8600847,47.1983179],[7.8538817,47.2032589],[7.846619,47.2173736],[7.8365006,47.2245629],[7.8383283,47.2317931],[7.8377449,47.2356248],[7.8289534,47.2430784],[7.8256818,47.2486887],[7.8279745,47.249784],[7.8264922,47.2526137],[7.8298379,47.255524],[7.8289077,47.2584038],[7.8301772,47.2588661],[7.8271726,47.2612563],[7.8277601,47.2643202],[7.8251069,47.2655723],[7.8154719,47.2613418],[7.807041,47.2632541],[7.8053007,47.268039],[7.802148,47.2682742],[7.7861469,47.256098],[7.775806,47.2614387],[7.7746009,47.267869],[7.7648354,47.2666866],[7.7568187,47.258095],[7.7500838,47.2587981],[7.7446614,47.2570231],[7.7387327,47.2596804],[7.7322929,47.2594432],[7.7250496,47.2660087],[7.7252107,47.2691236],[7.7175175,47.2751215],[7.7157669,47.2762842],[7.7127132,47.2738303],[7.7112676,47.2744376],[7.7096057,47.2754797],[7.710463,47.2763759],[7.7085925,47.2797165],[7.7046741,47.2813406],[7.7012557,47.2861326],[7.6885638,47.2904478],[7.6847748,47.2939942],[7.6771779,47.2891121],[7.6709753,47.2875706],[7.6687842,47.288779],[7.6489559,47.2821448],[7.6142037,47.2811515],[7.5801066,47.2763483],[7.586923,47.2697004],[7.5936981,47.2662199],[7.5977233,47.2541331],[7.5959384,47.245569],[7.599687,47.2447499],[7.6024097,47.2420856],[7.6045852,47.2426722],[7.6063844,47.2390499],[7.6095046,47.2395446],[7.6089992,47.2386691],[7.6169475,47.233892],[7.6191101,47.2290508],[7.6228748,47.2290608],[7.6261802,47.2263143],[7.6295132,47.2282683],[7.6308902,47.2266932],[7.6339366,47.228635],[7.6352828,47.2272327],[7.6404779,47.2298055],[7.6439012,47.2256317],[7.6391775,47.2233853],[7.6484666,47.2189525],[7.6460548,47.2147095],[7.6512213,47.2067032],[7.6472258,47.2017823],[7.6623299,47.2009599],[7.6641858,47.1974982],[7.6657007,47.1980481],[7.6689777,47.194577],[7.6715278,47.1949714],[7.6712909,47.1929998],[7.6741155,47.1912288],[7.674165,47.1889725],[7.6712373,47.1852942],[7.6723823,47.1833561],[7.6744219,47.184225],[7.6778049,47.1826825],[7.6764867,47.1768301],[7.6737744,47.17441],[7.6728612,47.1683945],[7.6600808,47.1684026],[7.6523346,47.1620511],[7.6535024,47.1608733],[7.650918,47.1561004],[7.6526018,47.1515016],[7.6456407,47.1491773],[7.639956,47.1535582],[7.6355992,47.1520956],[7.6314064,47.1538373],[7.6245829,47.1524568],[7.6160825,47.1563051],[7.6145401,47.1545316],[7.6078494,47.1528491],[7.5978928,47.151604],[7.5924402,47.1526756],[7.5883536,47.1508857],[7.5861404,47.1475453],[7.5828398,47.1559656],[7.5811009,47.1555943],[7.5820865,47.1582822],[7.5810534,47.16013],[7.57524,47.164105],[7.5670842,47.1633016],[7.5634674,47.1683541],[7.5578351,47.1680286],[7.5443322,47.1603645],[7.5406712,47.1636341],[7.5352305,47.162464],[7.5345021,47.1641726],[7.5259931,47.1622183],[7.5260422,47.1610568],[7.5205567,47.1597696],[7.5240719,47.1542271],[7.5295835,47.1496277],[7.523494,47.1459186],[7.5229939,47.1427227],[7.5159306,47.1369055],[7.5137037,47.1331815],[7.5138519,47.1302854],[7.5097234,47.1255457],[7.498966,47.1215499],[7.4923166,47.1170844],[7.4613252,47.1082327],[7.4627973,47.1036708],[7.4618084,47.1034038],[7.4652891,47.099324],[7.4642373,47.0990465],[7.4707932,47.0906386],[7.4734879,47.089496],[7.4750778,47.0870833],[7.474313,47.0858036],[7.4665612,47.0786616],[7.4594597,47.0781183],[7.454461,47.074927],[7.4539949,47.075974],[7.4404479,47.074504],[7.4350776,47.0813283],[7.4328783,47.0879769],[7.4345209,47.0897225],[7.4336671,47.0913396],[7.4357506,47.0919095],[7.4350411,47.0936546],[7.437188,47.0940846],[7.4340002,47.1005003],[7.4232609,47.0974598],[7.4202728,47.0996659],[7.4095502,47.0949456],[7.3901067,47.0922486],[7.3894456,47.0951328],[7.3820271,47.0957398],[7.3825099,47.0981094],[7.3792353,47.1062059],[7.3700451,47.115568],[7.3717015,47.1170442],[7.3714047,47.1225375],[7.3740052,47.1218159],[7.3789246,47.1240936],[7.3836759,47.1233293],[7.3867427,47.1258974],[7.3899707,47.1195181],[7.3949938,47.1216956],[7.4037482,47.117676],[7.4095534,47.1202148],[7.4247066,47.1220097],[7.4290259,47.1243699],[7.4373704,47.1227217],[7.4401788,47.1237276],[7.4332593,47.1261735],[7.4328552,47.127588],[7.4349789,47.12746],[7.4363486,47.1295587],[7.4354029,47.1312749],[7.4312159,47.1290907],[7.4308924,47.1308481],[7.4264596,47.1313407],[7.4217922,47.1358605],[7.4266785,47.1384713],[7.42663,47.1410991],[7.439613,47.1439888],[7.4409126,47.1455804],[7.4400399,47.1501179],[7.447783,47.1550805],[7.4540701,47.1562779],[7.4676327,47.1512813],[7.4728074,47.1525609],[7.4786239,47.1544539],[7.4820528,47.1581648],[7.4926881,47.1632662],[7.4910248,47.1662488],[7.4970383,47.1700873],[7.4863128,47.1730609],[7.4805581,47.1716808],[7.4786934,47.1773081],[7.476817,47.1765986],[7.4749249,47.1801339],[7.4708545,47.181324],[7.474998,47.1830501],[7.4729946,47.1850247],[7.4755144,47.1866546],[7.4757226,47.1906485],[7.4497638,47.1895691],[7.4484014,47.1887827],[7.449935,47.18398],[7.4476258,47.1810839],[7.4418209,47.1792312],[7.4374277,47.1850328],[7.4332849,47.1847269],[7.4309105,47.182451],[7.4315843,47.1760513],[7.4280297,47.173537],[7.4183948,47.1711538],[7.4159506,47.1653769],[7.4118135,47.1624212],[7.400937,47.162848],[7.3931291,47.1603553],[7.3836658,47.1603484],[7.3822243,47.1645989],[7.3846699,47.1661022],[7.391911,47.1662739],[7.3835137,47.1803011],[7.3765814,47.1876316],[7.3677093,47.191028],[7.3654609,47.1944525],[7.3544799,47.1915316],[7.3468299,47.2072194],[7.3442373,47.2082779],[7.3419639,47.2123969],[7.340575,47.2172272],[7.3548115,47.2208721],[7.3622333,47.2196077],[7.3744927,47.2268496],[7.3967807,47.233038],[7.4079413,47.2391304],[7.4190063,47.2419614],[7.4208731,47.2428911],[7.4164407,47.250298],[7.4181599,47.2538665],[7.4272417,47.2562698],[7.4410011,47.2629161],[7.4658424,47.2646513],[7.4703647,47.2679093],[7.4781686,47.2785058],[7.4853399,47.2842593],[7.4952926,47.2868224],[7.4946766,47.2882287],[7.5208988,47.2939757],[7.5328638,47.294534],[7.5369953,47.2965805],[7.5395303,47.2986075],[7.5390687,47.3019794],[7.5461676,47.3057621],[7.5483333,47.3163566],[7.5583459,47.3223652],[7.5625361,47.3218476],[7.5687248,47.3243436],[7.5716312,47.3271275],[7.5714019,47.3299749],[7.5617,47.3414701],[7.5566421,47.342089],[7.556477,47.3438546],[7.552201,47.3453097],[7.5501487,47.3414288],[7.5344709,47.334546],[7.527758,47.3226761],[7.5314774,47.3211028],[7.5476161,47.321579],[7.5541643,47.3232534],[7.5583459,47.3223652],[7.522752,47.3139984],[7.496045,47.3021193],[7.4865571,47.302144],[7.4756053,47.3070937],[7.4593097,47.3066953],[7.4419471,47.3086438],[7.4213455,47.3068324],[7.4198413,47.3086387],[7.413005,47.3099829],[7.4107382,47.3133834],[7.3906452,47.3131108],[7.3791752,47.3147083],[7.3651478,47.3093036],[7.3482086,47.3056775],[7.3502849,47.2996257],[7.3422303,47.2974815],[7.3413902,47.2955329],[7.3425725,47.2935259],[7.3453048,47.2945474],[7.3493832,47.2926365],[7.3561515,47.2943149],[7.3618569,47.2932093],[7.3969215,47.2976698],[7.3897468,47.2919777],[7.3897939,47.2893906],[7.392397,47.2859848],[7.3924671,47.2802101],[7.3893701,47.2748131],[7.3935594,47.267096],[7.3917671,47.2559006],[7.3763267,47.2560929],[7.3687193,47.2585313],[7.3454737,47.2478264],[7.340564,47.255028],[7.3384037,47.2552395],[7.3374314,47.2582452],[7.3414592,47.2628595],[7.3378527,47.262573],[7.3370136,47.2672572],[7.3397195,47.2694316],[7.3536341,47.2710454],[7.3540154,47.2721529],[7.3478648,47.2805225],[7.3400314,47.2820873],[7.3358913,47.2874262],[7.3116438,47.288366],[7.2777859,47.2841647],[7.2629802,47.2870844],[7.2426113,47.2852229],[7.2324775,47.2881859],[7.2156934,47.2898618],[7.2101827,47.288834]],[[7.2185414,46.9243429],[7.2154479,46.9303589],[7.2185866,46.9318278],[7.2174351,46.932429],[7.2288018,46.9368306],[7.2282003,46.9388105],[7.2302049,46.9399507],[7.2348244,46.9380587],[7.2342004,46.9293896],[7.2308033,46.9295023],[7.2185414,46.9243429]],[[7.6925152,47.1644816],[7.6957879,47.1619252],[7.7007985,47.1617746],[7.6956577,47.157507],[7.6938216,47.1581608],[7.6901531,47.1525567],[7.6744234,47.1539707],[7.6795367,47.1631491],[7.6811599,47.1623928],[7.6868208,47.1665728],[7.6925152,47.1644816]]]]}},{"type":"Feature","properties":{"code":"BL","name":"Basel-Landschaft"},"geometry":{"type":"Polygon","coordinates":[[[7.4135853,47.3894364],[7.4162762,47.3847888],[7.4116926,47.3805724],[7.4336787,47.3793963],[7.4373242,47.3808885],[7.4390368,47.3860118],[7.4436203,47.3889828],[7.4415261,47.3977245],[7.4429472,47.402],[7.4495133,47.3997583],[7.4507839,47.4017024],[7.4495771,47.4036466],[7.4545555,47.4041618],[7.4571523,47.4013834],[7.4612988,47.4006617],[7.4644841,47.402515],[7.4713288,47.4003483],[7.4766402,47.4008971],[7.4775101,47.3920877],[7.4792364,47.3897076],[7.4847773,47.3888877],[7.4849176,47.3874415],[7.4917841,47.3853693],[7.5022557,47.384807],[7.5112957,47.3897437],[7.5186167,47.388223],[7.5312436,47.4043398],[7.5252352,47.4116329],[7.5430785,47.4140329],[7.5660724,47.4134092],[7.5806593,47.4146845],[7.5783695,47.4176032],[7.5715099,47.4194099],[7.5682211,47.422501],[7.5689062,47.4359086],[7.5703518,47.436658],[7.5756138,47.4367474],[7.5784233,47.4349067],[7.57765,47.4324388],[7.5801003,47.4320482],[7.5812069,47.4287807],[7.5849068,47.4286237],[7.5920692,47.4327118],[7.6021563,47.4312465],[7.6157989,47.4327479],[7.6164646,47.4452346],[7.6226016,47.4571445],[7.6221734,47.4619523],[7.6260723,47.4629139],[7.6188725,47.4674531],[7.6047758,47.4703785],[7.608149,47.4752137],[7.6061955,47.4755605],[7.6057088,47.4788473],[7.6087681,47.4831431],[7.6072998,47.4893984],[7.6149374,47.4892407],[7.6272013,47.4848959],[7.6401057,47.4829673],[7.6444227,47.4856378],[7.647281,47.4848076],[7.6559259,47.4873946],[7.6505138,47.488261],[7.6550591,47.4899051],[7.6486463,47.4918301],[7.6515165,47.4952376],[7.666128,47.4968724],[7.6654195,47.4914907],[7.6683266,47.4863467],[7.6717243,47.4845234],[7.6769802,47.485043],[7.699761,47.4806325],[7.7093922,47.4701761],[7.7001039,47.4620803],[7.6981334,47.4552972],[7.6926396,47.4544035],[7.6848538,47.4478436],[7.6830466,47.4396946],[7.686579,47.4336641],[7.6798021,47.417514],[7.6640548,47.41002],[7.6327228,47.4100311],[7.6372512,47.3860686],[7.6333054,47.3853396],[7.633317,47.382914],[7.6355801,47.3805928],[7.6411243,47.3805464],[7.6442033,47.3672084],[7.7019536,47.3724472],[7.7279138,47.3688589],[7.7341532,47.3577608],[7.74282,47.3497075],[7.751519,47.3443275],[7.7664192,47.3427347],[7.7692243,47.3414494],[7.7689632,47.3389141],[7.7823787,47.3395701],[7.7852881,47.3378823],[7.7935609,47.3390523],[7.7963662,47.3534706],[7.8021665,47.3610959],[7.8290349,47.3647907],[7.8326025,47.3663953],[7.8368719,47.3724574],[7.8418469,47.3754107],[7.8620496,47.3818385],[7.8685656,47.3812747],[7.876101,47.3844741],[7.8788122,47.3835105],[7.8794004,47.3879644],[7.8761008,47.3903782],[7.873671,47.3901245],[7.8691367,47.3955143],[7.8752778,47.3975949],[7.8777028,47.4012571],[7.8834431,47.401205],[7.8833006,47.4055769],[7.8902216,47.4071411],[7.8988859,47.401675],[7.903836,47.402465],[7.9097004,47.3985318],[7.9319569,47.4050604],[7.9367225,47.4080575],[7.9349279,47.411767],[7.9369558,47.4129084],[7.9483889,47.4162658],[7.9548241,47.4156888],[7.9565704,47.4196806],[7.9618317,47.4218343],[7.9500321,47.4317164],[7.9511218,47.4325539],[7.9467846,47.4431934],[7.9475235,47.4455559],[7.9500807,47.4457435],[7.9578491,47.4512794],[7.9569397,47.45204],[7.9583611,47.4536781],[7.9562326,47.4549281],[7.9576023,47.4584867],[7.9488544,47.4637797],[7.9400279,47.4620213],[7.946089,47.4854266],[7.9325716,47.4814215],[7.9267489,47.4832892],[7.9180226,47.482652],[7.9116929,47.48484],[7.9051931,47.4849051],[7.9047726,47.4919446],[7.8995833,47.4961767],[7.8983186,47.5012108],[7.895347,47.5022543],[7.8941142,47.5057193],[7.8840856,47.508494],[7.8780347,47.5138875],[7.8756891,47.5131995],[7.8766677,47.5226935],[7.8722571,47.5222998],[7.8694483,47.5193252],[7.8639568,47.5193092],[7.8625693,47.5269203],[7.8573098,47.5332111],[7.8523391,47.5352386],[7.8465361,47.5326645],[7.8335257,47.5338494],[7.8347743,47.5319487],[7.8332304,47.5303275],[7.8333588,47.5211427],[7.8316076,47.5146742],[7.8143297,47.5043217],[7.8069026,47.4969198],[7.7994002,47.4974771],[7.7981707,47.4994031],[7.7972094,47.4981054],[7.7988902,47.4956515],[7.7944311,47.4962609],[7.7866254,47.4931214],[7.7927995,47.5006843],[7.7888701,47.5068293],[7.7878994,47.5141632],[7.7901733,47.5160047],[7.790084,47.5188079],[7.7876337,47.520117],[7.7578618,47.526051],[7.7492909,47.525142],[7.7387623,47.5271435],[7.7333013,47.532717],[7.7271654,47.5329349],[7.7233629,47.5367739],[7.7208298,47.5352445],[7.716687,47.5357554],[7.7135344,47.5396366],[7.694939,47.5324961],[7.6757472,47.5334928],[7.6680354,47.5359261],[7.6643552,47.539099],[7.6610924,47.5450504],[7.6501296,47.5477526],[7.6399737,47.5581648],[7.6327278,47.5614888],[7.6273612,47.5615165],[7.6176173,47.5586485],[7.6180597,47.5539379],[7.6228545,47.5500403],[7.6223107,47.5397776],[7.6181485,47.5408004],[7.6141998,47.5394231],[7.5947814,47.519294],[7.5907391,47.5196504],[7.5893183,47.5229554],[7.5898333,47.5270746],[7.5826885,47.5324682],[7.5872631,47.5419007],[7.5647854,47.5456863],[7.5565398,47.5443319],[7.5587527,47.5523533],[7.5612437,47.5517228],[7.5645784,47.557036],[7.5546608,47.5643693],[7.5262571,47.5522323],[7.5167636,47.545414],[7.5062581,47.5447265],[7.4998197,47.540055],[7.4980459,47.5361587],[7.5014454,47.5321785],[7.5005261,47.5301389],[7.5022527,47.5284389],[7.5106916,47.5289732],[7.5193631,47.5347253],[7.5279884,47.5317757],[7.531237,47.5281643],[7.5275924,47.5217548],[7.5234659,47.5186787],[7.5228588,47.5144439],[7.5148762,47.5173681],[7.5022782,47.5149066],[7.5002364,47.5197363],[7.4985585,47.5211291],[7.4982135,47.519518],[7.4990865,47.5162822],[7.5093565,47.5088908],[7.5122262,47.4989168],[7.5200384,47.4967827],[7.5316219,47.4973866],[7.5326039,47.490969],[7.5362312,47.4910527],[7.5363267,47.4838328],[7.5331205,47.4782905],[7.5291138,47.4779526],[7.5274454,47.4739062],[7.5306791,47.4611886],[7.5174535,47.4610206],[7.509828,47.4586675],[7.4923567,47.4589723],[7.4681396,47.4539075],[7.4548118,47.4492306],[7.4471702,47.4569581],[7.4457652,47.4619728],[7.4300288,47.4594917],[7.4277527,47.4572981],[7.428796,47.4538795],[7.4224177,47.4507165],[7.4244509,47.4499148],[7.4209041,47.4459442],[7.4234437,47.4436053],[7.4378427,47.4463232],[7.4394975,47.4433717],[7.4484043,47.4377253],[7.455014,47.4291165],[7.4546547,47.4254578],[7.4474911,47.4144842],[7.4381056,47.4127394],[7.4284675,47.4143545],[7.4195414,47.4110727],[7.4137082,47.4109293],[7.3765858,47.4140233],[7.379639,47.4276288],[7.3827514,47.429699],[7.381198,47.4320817],[7.3738617,47.4338272],[7.3554141,47.4339276],[7.3478161,47.4353907],[7.3389901,47.4410917],[7.3302124,47.4417583],[7.3272903,47.4400151],[7.3280016,47.4377964],[7.3253312,47.4343652],[7.3262162,47.4320858],[7.3399585,47.4297645],[7.3441382,47.4244676],[7.3579916,47.4181529],[7.3572332,47.4149963],[7.3840549,47.4123602],[7.388234,47.4036291],[7.3952643,47.4034421],[7.3988914,47.3970939],[7.4139409,47.3945317],[7.4135853,47.3894364]]]}},{"type":"Feature","properties":{"code":"BS","name":"Basel-City"},"geometry":{"type":"Polygon","coordinates":[[[7.6339535,47.5612168],[7.6361189,47.5639171],[7.6482757,47.559931],[7.6633205,47.5652461],[7.6706995,47.5658147],[7.6723599,47.5654399],[7.6724486,47.5637255],[7.6773158,47.563745],[7.6751444,47.5654226],[7.678441,47.5689615],[7.6834998,47.571254],[7.6859288,47.5656151],[7.6896532,47.571398],[7.6843054,47.5737956],[7.6808517,47.582684],[7.672069,47.5852391],[7.6717499,47.5872763],[7.6836452,47.5960217],[7.6901533,47.5975697],[7.6936805,47.6005845],[7.6830086,47.5984931],[7.6751713,47.5919819],[7.6673301,47.5919456],[7.6466315,47.5967457],[7.6417902,47.5941994],[7.64324,47.5913407],[7.6396302,47.5903641],[7.6280205,47.581365],[7.6191343,47.5768697],[7.604882,47.5778737],[7.6048159,47.5849295],[7.5890388,47.5898969],[7.5846578,47.58087],[7.5846527,47.5755281],[7.5667337,47.5776459],[7.557025,47.5725235],[7.5587395,47.5681978],[7.5573002,47.5650334],[7.5546608,47.5643693],[7.5645616,47.5572174],[7.5613222,47.551862],[7.5587527,47.5523533],[7.5560208,47.5447226],[7.5645168,47.5456579],[7.5872631,47.5419007],[7.5826885,47.5324682],[7.5898333,47.5270746],[7.5893183,47.5229554],[7.5907391,47.5196504],[7.5947814,47.519294],[7.6137808,47.539251],[7.6223107,47.5397776],[7.6226655,47.5505183],[7.617741,47.5543666],[7.6176173,47.5586485],[7.6273612,47.5615165],[7.6339535,47.5612168]]]}},{"type":"Feature","properties":{"code":"FR","name":"Fribourg"},"geometry":{"type":"MultiPolygon","coordinates":[[[[6.9715503,46.8270201],[6.9707634,46.8271403],[6.9710618,46.82603],[6.9715503,46.8270201]]],[[[7.2302049,46.9399507],[7.2285732,46.939073],[7.2293836,46.9368953],[7.217402,46.9330727],[7.2185866,46.9318278],[7.2157108,46.9309715],[7.2182039,46.9248486],[7.2340649,46.9294571],[7.2346416,46.9378322],[7.2302049,46.9399507]]],[[[6.7844465,46.7354261],[6.7833153,46.7359585],[6.7862126,46.7475403],[6.7788309,46.7511397],[6.7761098,46.7493939],[6.7733462,46.7511488],[6.7682742,46.7444826],[6.7590998,46.7377652],[6.7526548,46.7365589],[6.7487034,46.7318004],[6.7517331,46.7282234],[6.7587956,46.7254717],[6.7602628,46.7230936],[6.7588126,46.722114],[6.7624116,46.7173696],[6.7706665,46.720654],[6.7773991,46.7261143],[6.7762979,46.7266785],[6.7775627,46.7297707],[6.7844465,46.7354261]]],[[[6.8456405,46.771702],[6.8479094,46.7715036],[6.8480076,46.7701958],[6.844075,46.7667925],[6.8454719,46.7658563],[6.8293218,46.7560716],[6.8295657,46.7530966],[6.8265979,46.7522173],[6.8272552,46.7506046],[6.8156804,46.7407914],[6.8163236,46.7386987],[6.8147,46.7373257],[6.8062647,46.7356548],[6.8041177,46.7368697],[6.7981126,46.7340604],[6.7955798,46.7363254],[6.7937527,46.7357557],[6.7886582,46.728405],[6.7929825,46.7255549],[6.8095923,46.7273755],[6.8174872,46.7332838],[6.8282197,46.7354614],[6.8378731,46.7328004],[6.8463334,46.7274749],[6.861867,46.7245857],[6.8670607,46.7270577],[6.8665176,46.7328514],[6.8820901,46.7498052],[6.8757524,46.7538971],[6.8770255,46.7558057],[6.8696186,46.7585201],[6.8634164,46.7635283],[6.858293,46.7620606],[6.8601049,46.7662768],[6.8545119,46.7716786],[6.8519231,46.7721579],[6.852464,46.7742269],[6.8476394,46.7732158],[6.848783,46.7749429],[6.8476246,46.7749355],[6.8456405,46.771702]]],[[[6.7683406,46.8453715],[6.7418691,46.8278756],[6.77881,46.8005725],[6.7835251,46.8028278],[6.7872784,46.7996039],[6.778304,46.793534],[6.7771338,46.789108],[6.7807858,46.792619],[6.7841652,46.7925749],[6.7979368,46.7828767],[6.8046536,46.7856441],[6.8134415,46.7802692],[6.8124258,46.7789268],[6.8186645,46.7781378],[6.8252273,46.7731198],[6.8280643,46.7766272],[6.8330804,46.7745409],[6.8363292,46.776097],[6.8355117,46.7768797],[6.8394939,46.7809566],[6.8445022,46.7790826],[6.8504873,46.782351],[6.8492242,46.7840514],[6.8511113,46.7855041],[6.8589016,46.7879324],[6.8637981,46.7852846],[6.862578,46.7836407],[6.863797,46.781121],[6.8795476,46.7753001],[6.8877296,46.7781262],[6.8942028,46.7772954],[6.8950182,46.7791043],[6.8997391,46.779986],[6.8991216,46.7815932],[6.9049638,46.7815267],[6.9073416,46.7838196],[6.9099799,46.7831783],[6.908899,46.7824987],[6.9107459,46.7798889],[6.9169959,46.7845438],[6.9166479,46.7889403],[6.9209857,46.79655],[6.9256795,46.798329],[6.9314921,46.8045295],[6.9275359,46.8083391],[6.9220839,46.8088728],[6.9199976,46.8105697],[6.9113449,46.8031335],[6.9048859,46.80561],[6.9108506,46.8125297],[6.9088985,46.8155276],[6.9096149,46.8172909],[6.9083729,46.8175248],[6.9093215,46.8189337],[6.9048818,46.8249751],[6.9073993,46.8341945],[6.9204038,46.8480763],[6.9306249,46.8532424],[6.9271486,46.8545412],[6.9241561,46.8594644],[6.9200152,46.860411],[6.9128705,46.8659355],[6.8964645,46.8612317],[6.891871,46.8649584],[6.9094471,46.8694865],[6.9117648,46.8671493],[6.9210056,46.8713308],[6.9107974,46.8806251],[6.9069551,46.8786225],[6.9053336,46.8803335],[6.9036591,46.8794282],[6.8992225,46.8833866],[6.8964191,46.8830386],[6.8656901,46.9095751],[6.7683406,46.8453715]]],[[[7.2225475,46.974588],[7.2216348,46.9755563],[7.2286475,46.9786475],[7.2356884,46.9845597],[7.2316126,46.9890923],[7.2222224,46.9931596],[7.2262472,46.9986803],[7.2232113,46.9981336],[7.2177121,47.006068],[7.2157158,47.0052074],[7.2133279,47.0066511],[7.2102439,47.0039452],[7.2050905,47.006263],[7.2006743,47.0016573],[7.1963072,47.0021287],[7.1947337,46.9998185],[7.1560802,46.9860329],[7.092301,46.9761236],[7.0577811,46.976872],[7.0405134,46.9797579],[7.0523654,46.9770351],[7.0630447,46.9711067],[7.0579042,46.9654084],[7.0596368,46.9630835],[7.0575492,46.9621431],[7.0590016,46.9601957],[7.0575108,46.9596439],[7.0596141,46.9558126],[7.0565856,46.9552918],[7.0604327,46.9496645],[7.0612938,46.9422706],[7.0581203,46.9388113],[7.0867363,46.9103268],[7.0934099,46.90579],[7.0862341,46.9019187],[7.0888407,46.8997182],[7.0868119,46.8989615],[7.0869508,46.8974078],[7.0748144,46.8953603],[7.0748934,46.8939349],[7.0791127,46.8947351],[7.0709041,46.8897611],[7.0720748,46.8887219],[7.0642569,46.8871011],[7.0648001,46.8857808],[7.0619614,46.8837716],[7.0616731,46.8796206],[7.0672918,46.88094],[7.0672169,46.8774382],[7.0707293,46.8739879],[7.0701472,46.8717346],[7.0628275,46.8671724],[7.0539665,46.8564662],[7.0490769,46.8548704],[7.0430434,46.8469282],[7.0395863,46.8483015],[7.037453,46.8455358],[7.0331931,46.8487354],[7.0318889,46.8478062],[7.0291491,46.8508276],[7.0340964,46.8553203],[7.0337531,46.85739],[7.0393513,46.8599241],[7.0301916,46.8659242],[7.0350241,46.8736625],[7.0252657,46.8776196],[7.0212868,46.8766843],[7.0161953,46.8807775],[7.0153742,46.877634],[7.0084605,46.8731733],[6.9992384,46.8744214],[6.9938005,46.8789644],[7.009506,46.8890365],[6.9811651,46.909421],[6.9844668,46.9119842],[6.9817674,46.9135853],[6.987492,46.9181732],[6.9869264,46.9192972],[6.9781084,46.923406],[6.9715328,46.9211914],[6.9658201,46.9242833],[6.9281962,46.9533978],[6.8962302,46.9254861],[6.9299124,46.8996632],[6.9241282,46.8955275],[6.9244941,46.8935874],[6.9328398,46.892508],[6.9360086,46.8887883],[6.9383656,46.8899681],[6.941895,46.8841272],[6.9457203,46.8830462],[6.9524237,46.8762381],[6.9505371,46.8757972],[6.9510881,46.8748095],[6.953955,46.875389],[6.9579045,46.8707808],[6.9602308,46.8714412],[6.9648846,46.8653897],[6.9694384,46.8673379],[6.9581143,46.8814515],[6.9621339,46.8840931],[6.9628185,46.8830795],[6.9710801,46.8851023],[6.9703542,46.8864646],[6.973755,46.8873141],[6.9806263,46.8818198],[6.9888953,46.8734599],[6.9792264,46.8657674],[6.9769442,46.8605273],[6.9805839,46.8580175],[6.9778131,46.8549581],[6.9793176,46.8532698],[6.977575,46.8498703],[6.9804446,46.8482252],[6.9792879,46.8469559],[6.9844153,46.846717],[6.9886603,46.8435806],[6.9859923,46.8400687],[6.9834532,46.8402696],[6.9869858,46.8371773],[6.9860995,46.8352863],[6.992834,46.8319075],[6.9894337,46.8261802],[6.9834437,46.8219716],[6.9710153,46.8240532],[6.9651532,46.8282096],[6.9582161,46.8193295],[6.9602179,46.817758],[6.9565526,46.8143962],[6.9592843,46.8122218],[6.9577865,46.8112079],[6.9646895,46.8054526],[6.9634591,46.8045236],[6.9664765,46.8027883],[6.9559939,46.7934244],[6.9564421,46.7905244],[6.9576752,46.7904042],[6.9569112,46.7874437],[6.9519334,46.7854368],[6.949836,46.7827804],[6.9428485,46.7840102],[6.9381122,46.7812421],[6.9368698,46.7786899],[6.931545,46.7754033],[6.9330745,46.7746965],[6.9312482,46.7725084],[6.9353166,46.7716153],[6.9201146,46.7598576],[6.9170823,46.7611357],[6.9174377,46.7625624],[6.9144835,46.7627085],[6.9091939,46.7587622],[6.9082826,46.7574682],[6.9106358,46.7560315],[6.9090907,46.7548139],[6.9101839,46.7540481],[6.9147531,46.7532678],[6.9173695,46.7544094],[6.9200214,46.7513026],[6.9301194,46.7541926],[6.9379664,46.7494706],[6.9408917,46.744512],[6.9350123,46.7358957],[6.9359576,46.7335295],[6.9182044,46.7194069],[6.9113864,46.717909],[6.9045147,46.714163],[6.8944216,46.7055555],[6.8928611,46.703361],[6.8938677,46.7005285],[6.889598,46.6938822],[6.8879029,46.6943244],[6.883696,46.6900095],[6.88108,46.6900908],[6.8731252,46.6833222],[6.8691775,46.6853303],[6.8664267,46.6845709],[6.8653347,46.6812727],[6.8627672,46.681018],[6.8640073,46.6769094],[6.8716799,46.6732759],[6.8643991,46.6647609],[6.8683388,46.6629667],[6.8680103,46.6607642],[6.8647207,46.6584493],[6.8601833,46.6596852],[6.8535257,46.6554594],[6.8442635,46.6576798],[6.8429423,46.6583678],[6.8434906,46.6601959],[6.8383801,46.6625735],[6.8333886,46.6622278],[6.8313923,46.6598261],[6.8280427,46.6601458],[6.8262084,46.6585593],[6.8178022,46.6495439],[6.818509,46.6477989],[6.8145808,46.6474713],[6.810813,46.6503842],[6.7989442,46.6491728],[6.7987887,46.6478098],[6.8036721,46.6456712],[6.7989453,46.6395948],[6.7969217,46.6331413],[6.8022587,46.6274945],[6.8035501,46.6212405],[6.8018491,46.6155535],[6.8038947,46.6090302],[6.8023889,46.601421],[6.7983334,46.5998637],[6.8010787,46.5915982],[6.798775,46.5865512],[6.7989409,46.5820535],[6.7949478,46.5756266],[6.8015611,46.5746037],[6.8048929,46.5779243],[6.8122972,46.5785831],[6.8115848,46.5805878],[6.8141065,46.5856653],[6.8209682,46.5833223],[6.8244489,46.5774906],[6.8348503,46.575334],[6.8423943,46.5824382],[6.8464436,46.5839442],[6.8508736,46.5811293],[6.8599639,46.5798658],[6.8655392,46.577248],[6.8744622,46.5649682],[6.8789927,46.566999],[6.8845046,46.5619508],[6.888719,46.5677137],[6.9006968,46.5698974],[6.8988949,46.5651128],[6.9022788,46.5613879],[6.8991736,46.5596737],[6.8940769,46.5599171],[6.8916782,46.5573235],[6.8886922,46.558365],[6.8780926,46.5485708],[6.8692414,46.5433409],[6.8624603,46.535167],[6.8610182,46.5307002],[6.8588542,46.5309837],[6.8601512,46.5359744],[6.8568003,46.5368468],[6.8543577,46.541363],[6.8303235,46.537439],[6.8251865,46.5380134],[6.8276281,46.5427098],[6.8255319,46.5435674],[6.8212916,46.5379848],[6.8182773,46.5364942],[6.8176838,46.5329831],[6.8118061,46.5243537],[6.8181049,46.5165034],[6.8241089,46.512326],[6.8303442,46.5124625],[6.8327192,46.5050556],[6.837838,46.4994865],[6.8424825,46.4965826],[6.845674,46.4964717],[6.8489067,46.4933714],[6.8627644,46.4938442],[6.8663412,46.5007886],[6.8816004,46.5124839],[6.897729,46.5200522],[6.8976696,46.5148252],[6.8949947,46.5097658],[6.8964735,46.5080124],[6.9026801,46.5132358],[6.9109917,46.5131054],[6.9151821,46.5103413],[6.9250088,46.5076708],[6.9275895,46.5046703],[6.9312201,46.5045799],[6.9362165,46.5010226],[6.9542021,46.5019078],[6.9657958,46.4930872],[6.971619,46.4915144],[6.9734624,46.4893428],[6.9723745,46.485679],[6.9750635,46.4794497],[6.9813247,46.4753879],[6.9779242,46.4732082],[6.9789686,46.4613805],[6.9894121,46.4531282],[6.9921152,46.4489109],[6.9836113,46.4387299],[6.9928226,46.4388835],[7.0121502,46.4465593],[7.0178593,46.4470664],[7.0211931,46.4585934],[7.0202363,46.4594445],[7.0219808,46.4611151],[7.0385193,46.4743174],[7.0607705,46.4870272],[7.065826,46.4890399],[7.0724007,46.4864002],[7.077589,46.4888329],[7.0889065,46.486931],[7.0970287,46.4882951],[7.1003623,46.4869889],[7.1053539,46.4893195],[7.1096618,46.4943371],[7.1227852,46.4986989],[7.1265386,46.5027752],[7.1362557,46.5086112],[7.1370772,46.5131068],[7.1436715,46.5221143],[7.1450072,46.5268641],[7.1483492,46.5284644],[7.1588079,46.5268807],[7.1617229,46.527977],[7.1820132,46.5383364],[7.1921777,46.5465571],[7.2008133,46.5416919],[7.2076536,46.5329056],[7.2254276,46.5492337],[7.2357436,46.5537652],[7.2470526,46.5562285],[7.258599,46.5622925],[7.2680538,46.5735678],[7.2799379,46.5832414],[7.2836213,46.5837893],[7.2993299,46.5791238],[7.3080421,46.5813192],[7.3125023,46.5891777],[7.32073,46.5918589],[7.3148299,46.6004193],[7.3181804,46.6161346],[7.3178594,46.6185678],[7.312107,46.6217039],[7.3132626,46.6366241],[7.3249686,46.6377507],[7.3296885,46.6418285],[7.3211375,46.6546171],[7.3451729,46.6553877],[7.3505421,46.6517413],[7.3516065,46.647452],[7.3556546,46.6454329],[7.3570436,46.6392991],[7.361673,46.6473653],[7.3768868,46.6558395],[7.3693322,46.6556358],[7.3718706,46.6628337],[7.3716652,46.6703628],[7.3759461,46.6748631],[7.3728961,46.6801526],[7.3777459,46.6835468],[7.3759225,46.6877654],[7.3802098,46.6901849],[7.3769418,46.6927116],[7.3686098,46.6926129],[7.3648642,46.6949661],[7.3625686,46.6991824],[7.3594605,46.6979845],[7.3457414,46.6989404],[7.3462471,46.702207],[7.350611,46.7085469],[7.3495092,46.7122045],[7.3281913,46.7166247],[7.3101056,46.7181473],[7.3078452,46.7171732],[7.300705,46.7218694],[7.2963674,46.729798],[7.298342,46.7401273],[7.3045371,46.7481587],[7.3030863,46.7526097],[7.3035949,46.7591894],[7.2988063,46.7651338],[7.2954506,46.7659575],[7.2930678,46.7713625],[7.290469,46.7720491],[7.3044728,46.783205],[7.3022971,46.785659],[7.303456,46.7886013],[7.3015928,46.7928272],[7.3073182,46.7987162],[7.311315,46.8090385],[7.3204714,46.815642],[7.3202528,46.8267363],[7.3289132,46.8289968],[7.331226,46.831767],[7.3297467,46.8349153],[7.3233281,46.8404104],[7.3075476,46.8470378],[7.3061266,46.8499905],[7.3021525,46.852036],[7.3120724,46.8555718],[7.3125783,46.8607273],[7.315568,46.8623358],[7.3177787,46.862266],[7.3173922,46.860601],[7.3234617,46.8609523],[7.3300598,46.8582015],[7.3230042,46.8547648],[7.3260344,46.8516321],[7.3318113,46.8511989],[7.3337038,46.8524948],[7.3382089,46.8494551],[7.3472641,46.8537531],[7.3493384,46.8533121],[7.3591152,46.8624231],[7.3583839,46.8687956],[7.3538601,46.8712946],[7.3525279,46.8755507],[7.3530308,46.8871913],[7.3469682,46.8897019],[7.3257309,46.8937321],[7.3093497,46.8915234],[7.2893795,46.89377],[7.2824526,46.8897956],[7.2793954,46.8897492],[7.2663406,46.8936072],[7.2593056,46.897968],[7.2443339,46.9003742],[7.2431887,46.898063],[7.2363274,46.8980952],[7.2291306,46.902298],[7.2304887,46.9034965],[7.2294677,46.9037377],[7.2229764,46.9024847],[7.2175489,46.8973464],[7.2124411,46.9017293],[7.2088021,46.902606],[7.1999509,46.9024596],[7.1953153,46.8990055],[7.1877066,46.9003614],[7.199125,46.9039045],[7.2078088,46.9091345],[7.2059903,46.91266],[7.2069903,46.9161737],[7.2056882,46.9211813],[7.2069196,46.9248071],[7.2110337,46.9256804],[7.2126837,46.9284531],[7.2117126,46.9312343],[7.2022191,46.9391298],[7.2095062,46.9418763],[7.2101117,46.947808],[7.2077609,46.9492765],[7.2110227,46.9565229],[7.2074202,46.9596711],[7.1997039,46.9593329],[7.1945924,46.9613514],[7.1946254,46.962902],[7.1979445,46.9644465],[7.2064628,46.9641261],[7.2074529,46.9675116],[7.2142222,46.9669235],[7.2146672,46.9713266],[7.2225475,46.974588]],[[7.1148537,46.9158349],[7.1252815,46.9189646],[7.1263072,46.9175611],[7.1346639,46.9193928],[7.1355291,46.9122256],[7.1383736,46.907999],[7.1278712,46.9047458],[7.1230417,46.9001955],[7.1196942,46.9005487],[7.1176846,46.9050593],[7.1191553,46.9056215],[7.1132333,46.9105536],[7.1148537,46.9158349]]]]}},{"type":"Feature","properties":{"code":"GE","name":"Geneva"},"geometry":{"type":"MultiPolygon","coordinates":[[[[6.166794,46.3430818],[6.1720278,46.3410447],[6.1743462,46.3464878],[6.1807752,46.3438328],[6.1844365,46.3458401],[6.1755723,46.3513208],[6.173961,46.3489415],[6.1718112,46.349835],[6.166794,46.3430818]]],[[[6.2069814,46.3387986],[6.2323217,46.3304353],[6.241432,46.3436678],[6.2118046,46.3538015],[6.2020264,46.3547694],[6.1999461,46.355634],[6.1978005,46.3599487],[6.1872399,46.3604167],[6.1808284,46.3643518],[6.1750559,46.3626177],[6.1740252,46.3617732],[6.1762584,46.3600398],[6.1711096,46.3583947],[6.1726931,46.3549842],[6.1750774,46.3538986],[6.1862765,46.3495317],[6.1948935,46.3486105],[6.1931357,46.3437112],[6.2035839,46.3388251],[6.2069814,46.3387986]]],[[[6.1701881,46.2947939],[6.1533913,46.2991564],[6.1407461,46.3047331],[6.1246992,46.3173486],[6.1201201,46.3128583],[6.1192604,46.3079912],[6.1205905,46.3061622],[6.1188713,46.3031269],[6.121732,46.2997675],[6.1189543,46.2962276],[6.1198042,46.2946301],[6.1132557,46.2941273],[6.1029733,46.2852087],[6.1050283,46.2829553],[6.1045454,46.2783324],[6.113515,46.2725523],[6.1102605,46.2707613],[6.115423,46.265954],[6.1198993,46.2648629],[6.1180786,46.263439],[6.122527,46.2582079],[6.1211689,46.2540214],[6.1244671,46.2512533],[6.1164174,46.2450306],[6.1088285,46.2398576],[6.1068469,46.2411607],[6.1018057,46.2378945],[6.0880562,46.2471257],[6.0738687,46.2437226],[6.0730252,46.2413479],[6.067174,46.2419069],[6.0633632,46.2457832],[6.0558595,46.241652],[6.0464851,46.2318903],[6.0341643,46.2382233],[6.0248885,46.233042],[6.0134673,46.2310658],[6.0125849,46.2285871],[6.0102833,46.2289842],[6.001648,46.2206131],[6.0000313,46.2200495],[5.9955244,46.2225186],[5.9901543,46.221709],[5.9933938,46.218163],[5.9928299,46.2153596],[5.9791231,46.2172373],[5.9746738,46.2150247],[5.9695396,46.2069667],[5.973256,46.2029197],[5.9656408,46.1995368],[5.9638067,46.1971052],[5.982821,46.1907756],[5.9819585,46.1900252],[5.984666,46.1886894],[5.9902984,46.1878044],[5.9949027,46.1821542],[5.990414,46.1776144],[5.9913672,46.1772784],[5.9881894,46.1709164],[5.9837128,46.1737734],[5.9818222,46.1730388],[5.9799454,46.1660449],[5.9642377,46.1446152],[5.9662579,46.137872],[5.9558318,46.1323079],[5.9568251,46.1287821],[5.9761796,46.1328871],[5.9819285,46.1374073],[5.9835137,46.1429879],[5.9941117,46.1445684],[6.0028306,46.1419851],[6.0152301,46.1429874],[6.0284621,46.1404369],[6.0333961,46.137982],[6.0349483,46.1347234],[6.0393071,46.139639],[6.0420513,46.1408031],[6.0450879,46.1399668],[6.0522995,46.1513871],[6.0762112,46.1490812],[6.0915004,46.1518863],[6.0985028,46.1438189],[6.1214641,46.1425111],[6.1281558,46.1403167],[6.1364595,46.1415966],[6.1417828,46.1465224],[6.1448818,46.1449496],[6.1486489,46.1500869],[6.1685645,46.1571618],[6.1742222,46.1578077],[6.1853429,46.1639669],[6.1887838,46.1663858],[6.1863618,46.1748307],[6.188363,46.1814627],[6.1957292,46.1840758],[6.1978082,46.1833875],[6.2058367,46.1915861],[6.2122775,46.1927853],[6.22237,46.2007187],[6.2345694,46.2063824],[6.2447077,46.2048004],[6.2448052,46.2067502],[6.2488278,46.2051487],[6.2568323,46.2102511],[6.2764278,46.2153639],[6.2946859,46.2251526],[6.3102878,46.2439735],[6.3092991,46.2495276],[6.3060903,46.25119],[6.3097618,46.2562236],[6.3026978,46.2548706],[6.2954551,46.2560078],[6.2940651,46.2587813],[6.2962069,46.2620526],[6.2953766,46.2644291],[6.2840461,46.2562265],[6.2852237,46.2549067],[6.278521,46.2524587],[6.2791988,46.2514507],[6.2667923,46.2476914],[6.2603765,46.2515631],[6.2616783,46.2545594],[6.2506173,46.2617049],[6.2428741,46.2728547],[6.2381686,46.2759403],[6.2380114,46.2816837],[6.2417391,46.2850142],[6.249033,46.2866437],[6.2529314,46.2905082],[6.2485736,46.2945793],[6.2500814,46.2962028],[6.2481077,46.2969972],[6.2489763,46.2985623],[6.2473792,46.2999188],[6.2487962,46.3015423],[6.2447778,46.3038166],[6.219551,46.3118841],[6.1987424,46.2844295],[6.1701881,46.2947939]]]]}},{"type":"Feature","properties":{"code":"GL","name":"Glarus"},"geometry":{"type":"Polygon","coordinates":[[[9.0717084,47.1300016],[9.0662112,47.1309135],[9.0055892,47.1739901],[8.9916219,47.1621668],[8.9744238,47.1431805],[8.9737773,47.1403677],[8.9680648,47.1369499],[8.9692589,47.1305064],[8.9651711,47.1221617],[8.9671279,47.119179],[8.9718909,47.1181168],[8.9736844,47.1150994],[8.9693387,47.1086804],[8.9706355,47.103773],[8.9594146,47.0997004],[8.9541421,47.0942606],[8.9539608,47.091556],[8.9759838,47.0857083],[8.9664191,47.0814153],[8.9644776,47.0777758],[8.960822,47.0762539],[8.9621003,47.0747345],[8.9611122,47.0706347],[8.9510983,47.0608529],[8.9471796,47.0489587],[8.9409129,47.0476171],[8.9365062,47.0436123],[8.9222141,47.0384269],[8.9093893,47.0396882],[8.9009513,47.0372022],[8.9008184,47.0320218],[8.9033494,47.0277228],[8.8953576,47.0253377],[8.8952484,47.0239732],[8.8929825,47.0236406],[8.8938742,47.0224052],[8.9101219,47.0172336],[8.9116289,47.0087672],[8.9157265,47.007212],[8.9188755,47.0015543],[8.9282211,46.9976624],[8.9373296,46.9868353],[8.9410041,46.987934],[8.9409821,46.9848604],[8.932975,46.9824068],[8.9457011,46.9671593],[8.9498512,46.96953],[8.9500166,46.9672235],[8.9574345,46.9622129],[8.9716405,46.9598614],[8.9623678,46.9538134],[8.9610904,46.9470439],[8.9553277,46.9389208],[8.9584237,46.934523],[8.9567789,46.9345846],[8.9573404,46.93368],[8.9634576,46.9298455],[8.9631916,46.926723],[8.948683,46.9254649],[8.9362058,46.9202684],[8.9435621,46.9061636],[8.9485786,46.9016111],[8.9534077,46.9006934],[8.9528116,46.8983576],[8.9572771,46.8879052],[8.9578008,46.8795013],[8.9559119,46.8753321],[8.9417106,46.8708924],[8.9340529,46.8657807],[8.916567,46.8604655],[8.9075825,46.8602236],[8.8943863,46.8492362],[8.8719095,46.8419738],[8.8736715,46.840552],[8.8743635,46.8352086],[8.881635,46.8290721],[8.8801622,46.8200807],[8.8755647,46.8159667],[8.8768763,46.813457],[8.8983846,46.8142348],[8.901048,46.8117574],[8.90781,46.8101679],[8.9140139,46.8113572],[8.9150599,46.8059285],[8.9133959,46.8015023],[8.915847,46.7991627],[8.9286326,46.796525],[8.9456721,46.8023276],[8.9505038,46.8026367],[8.9533958,46.8050153],[9.0090128,46.8111813],[9.019973,46.8173275],[9.0213885,46.8217415],[9.0273993,46.8298215],[9.0341096,46.8350989],[9.0337241,46.8390507],[9.0375803,46.8451145],[9.0460759,46.8506184],[9.0442354,46.8566347],[9.0451629,46.8649807],[9.0544262,46.8682906],[9.0611395,46.8738204],[9.0647082,46.8752091],[9.0770505,46.8750775],[9.0940054,46.8709602],[9.0946713,46.8675847],[9.1036063,46.8596946],[9.104857,46.8524749],[9.1123048,46.850564],[9.1190779,46.854467],[9.1253902,46.8554574],[9.1283038,46.8588023],[9.1405277,46.861836],[9.1462981,46.870842],[9.156078,46.8737416],[9.1530041,46.8798352],[9.1774523,46.8791089],[9.1882323,46.8764333],[9.2001377,46.8808967],[9.2063541,46.8870118],[9.2179634,46.894778],[9.2264791,46.9055089],[9.234063,46.9080895],[9.2393591,46.9079271],[9.244474,46.9140972],[9.2487329,46.9159896],[9.2525772,46.9270313],[9.2502545,46.9346294],[9.2391284,46.9393859],[9.2362814,46.9454943],[9.2367496,46.9545665],[9.2447029,46.9564677],[9.2457914,46.9581889],[9.2429334,46.9663557],[9.2467711,46.9754427],[9.2463903,46.9789016],[9.2436286,46.9823776],[9.2465684,46.9870345],[9.2455505,46.9921988],[9.2498737,46.9952145],[9.2497319,46.9972169],[9.2435402,47.0057622],[9.2428348,47.014655],[9.2366431,47.0217942],[9.2363488,47.0239832],[9.230552,47.0256376],[9.2219354,47.0325835],[9.2152824,47.0328929],[9.2078765,47.0357543],[9.1952348,47.0328721],[9.1814617,47.0262517],[9.1785688,47.0262806],[9.175206,47.0288079],[9.1695902,47.0266309],[9.1656639,47.0268807],[9.1380588,47.0391352],[9.1544424,47.047558],[9.167394,47.0494002],[9.1713295,47.0525696],[9.1742521,47.0527984],[9.1834822,47.0593687],[9.1851337,47.0639565],[9.1902906,47.0698927],[9.1918585,47.0726536],[9.1887798,47.0854796],[9.1912225,47.0909614],[9.1878705,47.0938236],[9.1862452,47.1000098],[9.1898925,47.1095722],[9.1888095,47.1159485],[9.1898696,47.1236999],[9.1476938,47.1289174],[9.1359131,47.13198],[9.1154179,47.1327527],[9.1081088,47.1313214],[9.1007166,47.1331451],[9.0717084,47.1300016]]]}},{"type":"Feature","properties":{"code":"GR","name":"Grisons"},"geometry":{"type":"Polygon","coordinates":[[[9.2040301,46.8830916],[9.1885908,46.8772444],[9.1774523,46.8791089],[9.1533277,46.8798333],[9.1567987,46.8739334],[9.1453904,46.8702328],[9.1406863,46.8623291],[9.12881,46.8589096],[9.1260855,46.8560208],[9.1198918,46.8548403],[9.1113175,46.8503809],[9.104857,46.8524749],[9.1036063,46.8596946],[9.0946713,46.8675847],[9.0949332,46.8708724],[9.0764892,46.8751854],[9.0647082,46.8752091],[9.0547305,46.8684547],[9.0453569,46.8652658],[9.0441854,46.8555179],[9.0460759,46.8506184],[9.0375803,46.8451145],[9.0338304,46.8392761],[9.0343992,46.8353451],[9.0274986,46.8300293],[9.0213885,46.8217415],[9.019973,46.8173275],[9.0090128,46.8111813],[8.9577479,46.8044403],[8.9540313,46.8050437],[8.9507235,46.8027066],[8.9448892,46.8022976],[8.9405405,46.7996072],[8.9288113,46.7968253],[8.9180958,46.7983185],[8.9140595,46.8006118],[8.9155688,46.8053555],[8.9140671,46.8086108],[8.9148586,46.8111533],[8.9067452,46.8100956],[8.901048,46.8117574],[8.8986506,46.8142054],[8.8821472,46.8139715],[8.8770464,46.8129185],[8.8732464,46.8084371],[8.8578491,46.8042951],[8.8471363,46.7975527],[8.8479061,46.7939593],[8.8466579,46.7934527],[8.834007,46.7950416],[8.8284487,46.7922298],[8.8265564,46.7885706],[8.8288914,46.7827482],[8.827923,46.7798627],[8.830356,46.7711532],[8.8345695,46.7668561],[8.8317088,46.7643352],[8.8259289,46.7659734],[8.8184891,46.7621742],[8.8189264,46.7593037],[8.814523,46.7552667],[8.8141492,46.7499832],[8.8104307,46.7449252],[8.8129787,46.7373147],[8.7995202,46.731453],[8.7921163,46.7313651],[8.7819848,46.7283121],[8.7727777,46.7397598],[8.7696582,46.740579],[8.7695353,46.7439963],[8.7661104,46.7447833],[8.747639,46.7359106],[8.7443965,46.7288814],[8.7490648,46.7207402],[8.7475304,46.7183822],[8.7352789,46.7130366],[8.7260973,46.7068741],[8.7181239,46.7061419],[8.7171968,46.7025881],[8.7089842,46.6989621],[8.6985657,46.7034811],[8.692587,46.7018487],[8.6892981,46.6961681],[8.6862819,46.6941788],[8.6763262,46.6942145],[8.6736487,46.6909099],[8.6750238,46.6840527],[8.6728402,46.6812255],[8.6742194,46.6783392],[8.6736002,46.6714136],[8.6786074,46.6642656],[8.6662122,46.6559717],[8.6613934,46.6560245],[8.6548784,46.649972],[8.6582042,46.6477727],[8.6563892,46.6432118],[8.6572246,46.6418809],[8.6524335,46.6384098],[8.6512203,46.6350395],[8.6565822,46.63133],[8.6579548,46.6261641],[8.6638793,46.6231287],[8.6640216,46.6216827],[8.6713394,46.6196114],[8.6766766,46.6199699],[8.6787447,46.6159962],[8.677749,46.6093638],[8.679497,46.6049532],[8.6767201,46.5993759],[8.6806097,46.5950522],[8.6819216,46.5885324],[8.6787459,46.5791939],[8.6811935,46.5782994],[8.6856372,46.5804553],[8.6925706,46.5796712],[8.6983957,46.5810589],[8.6986723,46.5797675],[8.7037985,46.578115],[8.7052482,46.5744778],[8.7175094,46.5711114],[8.7275225,46.5764102],[8.7390469,46.5721926],[8.7436736,46.5722182],[8.7516486,46.5759563],[8.8007408,46.5632796],[8.8296751,46.5713672],[8.8317485,46.5639268],[8.8432339,46.5633559],[8.8554175,46.5701508],[8.8640465,46.5730134],[8.8769543,46.5746689],[8.8791501,46.5772596],[8.9036769,46.5841006],[8.9156293,46.5923243],[8.9163704,46.596082],[8.9164325,46.5979217],[8.9074075,46.605907],[8.905606,46.6104508],[8.9072959,46.6157084],[8.9230218,46.6230372],[8.9414592,46.6184932],[8.950378,46.6239682],[8.9524325,46.6322895],[8.9578297,46.6298747],[8.9630029,46.6181437],[8.9596957,46.610701],[8.9622081,46.6026404],[8.9653977,46.6037406],[8.9730961,46.6026612],[8.9837465,46.6088106],[8.9953543,46.6117303],[9.0062458,46.6109453],[9.0162303,46.6032141],[9.0208004,46.6032498],[9.0271955,46.5994181],[9.0334554,46.599939],[9.0344608,46.5931007],[9.0421808,46.5891961],[9.043474,46.587837],[9.0424481,46.5844568],[9.0438905,46.5833747],[9.0378153,46.5824449],[9.0354047,46.5752053],[9.0299059,46.5711545],[9.0264928,46.5653762],[9.0267635,46.5620882],[9.0237182,46.5586353],[9.0246475,46.5553395],[9.0192394,46.5472753],[9.0229583,46.5378816],[9.0215703,46.5338735],[9.0166383,46.5320443],[9.0171894,46.5290367],[9.0205923,46.5278112],[9.0206643,46.5237431],[9.0228535,46.5195802],[9.022095,46.5122636],[9.0283269,46.5037226],[9.0368796,46.4984636],[9.0401921,46.4937047],[9.0391339,46.4917518],[9.0402434,46.4895639],[9.0456951,46.487371],[9.0478719,46.4836495],[9.0453379,46.4813592],[9.0466867,46.4805516],[9.0535285,46.4770272],[9.060544,46.4763071],[9.074422,46.4799486],[9.0854176,46.4754072],[9.085048,46.4709597],[9.0950675,46.4603963],[9.0916172,46.4494626],[9.0870058,46.4437003],[9.0895739,46.4369409],[9.0883803,46.4366128],[9.0890105,46.4321565],[9.0953993,46.4253276],[9.1029153,46.4135546],[9.1022563,46.4107707],[9.0922273,46.407635],[9.0899387,46.4051449],[9.0962141,46.3998768],[9.091379,46.3958793],[9.0872532,46.3888356],[9.0893661,46.3871128],[9.0956258,46.3730111],[9.0929495,46.3708335],[9.0942866,46.3644805],[9.0925867,46.357409],[9.0884426,46.3523419],[9.0882669,46.3492032],[9.0814374,46.348605],[9.0693166,46.3435608],[9.0667913,46.3366494],[9.0690038,46.3332471],[9.0650289,46.3284022],[9.0646237,46.3251021],[9.0733879,46.3178661],[9.0746949,46.3128316],[9.0721819,46.3085624],[9.0688245,46.3074901],[9.0606847,46.2976948],[9.0556286,46.2960329],[9.0537079,46.2930492],[9.0581221,46.2813045],[9.0615891,46.2782735],[9.0633413,46.2735907],[9.0722157,46.2677161],[9.0777614,46.2603043],[9.0760223,46.2378759],[9.0714067,46.236071],[9.0740471,46.2322788],[9.0796046,46.2332847],[9.0868836,46.2142926],[9.0890524,46.2123805],[9.1112282,46.2049876],[9.1189988,46.2003896],[9.1306405,46.1887074],[9.1319118,46.184136],[9.1348632,46.1810255],[9.1526301,46.1706408],[9.1592281,46.1696902],[9.1698514,46.1718928],[9.1805911,46.1692366],[9.1839443,46.1706204],[9.1875323,46.1749873],[9.1941666,46.1784976],[9.1949208,46.1840112],[9.1979638,46.1868056],[9.1957907,46.1887114],[9.1948302,46.1936322],[9.197424,46.1958298],[9.2013513,46.2067453],[9.2066863,46.2103725],[9.213973,46.2108651],[9.2187392,46.2143674],[9.2198992,46.2205556],[9.2228723,46.2239831],[9.2210475,46.2292341],[9.2349227,46.2333588],[9.2458309,46.2321827],[9.2480431,46.2335578],[9.2496077,46.2399629],[9.2482055,46.247342],[9.2512167,46.2512604],[9.2492843,46.2556247],[9.2530203,46.262836],[9.2504599,46.2661553],[9.2573301,46.2700061],[9.2597533,46.2790359],[9.2682599,46.2821687],[9.2723523,46.2897184],[9.2843642,46.2969231],[9.2848806,46.3002617],[9.2822327,46.3099904],[9.2860239,46.3147341],[9.2938393,46.316573],[9.2958626,46.3232124],[9.2993085,46.3263482],[9.2934216,46.3318782],[9.292123,46.3362403],[9.2996746,46.3441587],[9.2967684,46.3488282],[9.2977779,46.3518545],[9.2962001,46.3556868],[9.2831004,46.3580254],[9.2787021,46.366634],[9.2761534,46.3681188],[9.2771246,46.3713908],[9.2750661,46.3737132],[9.2777201,46.3750028],[9.2784001,46.3787267],[9.2843742,46.3851927],[9.2788467,46.3891479],[9.2758571,46.3951403],[9.2815892,46.4009544],[9.2790854,46.4032544],[9.2823777,46.4055988],[9.2799473,46.4146446],[9.2774151,46.4150158],[9.2737716,46.4198282],[9.2703957,46.4184319],[9.2636366,46.4205189],[9.2608319,46.4248182],[9.2491559,46.4318128],[9.2479564,46.4360726],[9.2469833,46.4468066],[9.2522404,46.4493609],[9.2667988,46.4517387],[9.2780691,46.4614949],[9.274554,46.4630445],[9.2736911,46.4665453],[9.2773475,46.4791696],[9.2742019,46.483625],[9.2784152,46.4872487],[9.2792681,46.4924501],[9.2826942,46.4967631],[9.2913048,46.4974229],[9.3117505,46.5040851],[9.3370633,46.5060053],[9.3390704,46.5038084],[9.349584,46.5053397],[9.3547621,46.504289],[9.3636896,46.5093133],[9.368342,46.5051288],[9.3733589,46.5039431],[9.3731867,46.4993691],[9.3704135,46.4983164],[9.3687279,46.4948039],[9.3702855,46.4908256],[9.3745657,46.4883163],[9.3764055,46.4846799],[9.3853159,46.4818542],[9.3902557,46.4745165],[9.3897735,46.4730935],[9.4116592,46.4668887],[9.42397,46.4760575],[9.4242461,46.4820786],[9.4263108,46.4856651],[9.4245756,46.4887017],[9.4317838,46.4955509],[9.4550605,46.5053257],[9.4585357,46.5083555],[9.4643284,46.508022],[9.461351,46.5059179],[9.4625235,46.4988105],[9.4610397,46.4848517],[9.4490853,46.4843814],[9.4496915,46.4799851],[9.462248,46.4804784],[9.4639177,46.4784834],[9.4651901,46.4701181],[9.4629109,46.4653142],[9.4592771,46.4633058],[9.4606971,46.4422811],[9.4574733,46.4371974],[9.4577664,46.4323093],[9.4545092,46.4213719],[9.4562832,46.4158968],[9.4615546,46.4119138],[9.4614034,46.4095105],[9.4668174,46.398315],[9.4664615,46.3925789],[9.4686619,46.3882371],[9.46495,46.3839759],[9.4612265,46.3834259],[9.4632182,46.380228],[9.461675,46.3755318],[9.4759326,46.3706113],[9.4794356,46.3711837],[9.4830533,46.367206],[9.4943001,46.3652235],[9.497524,46.3632328],[9.5001636,46.3564843],[9.5086465,46.351329],[9.5089145,46.3450315],[9.5135279,46.3331339],[9.5169922,46.3318686],[9.5184485,46.3270845],[9.5278533,46.3175548],[9.5425967,46.305986],[9.5495379,46.3023421],[9.5545189,46.3057646],[9.5601284,46.3060353],[9.5624264,46.3025974],[9.5828661,46.2946292],[9.5898905,46.2951124],[9.592701,46.293536],[9.5991365,46.295772],[9.6106061,46.2942176],[9.6183651,46.2878066],[9.6396593,46.2862736],[9.6493926,46.2896162],[9.6517645,46.2927948],[9.6554478,46.2931034],[9.6600239,46.295916],[9.669391,46.2964487],[9.6699876,46.2994352],[9.6769835,46.3031686],[9.6807637,46.3001869],[9.6817482,46.2969235],[9.6882974,46.2936283],[9.6937409,46.2937164],[9.7027385,46.2910171],[9.7144877,46.2928922],[9.715175,46.2992654],[9.7180003,46.3058163],[9.7247878,46.3103444],[9.7257997,46.3130967],[9.7261887,46.31874],[9.7230421,46.3211175],[9.7180184,46.3216256],[9.7172757,46.3239658],[9.7188428,46.3267617],[9.7231246,46.3287696],[9.7230212,46.3303081],[9.7275784,46.3326748],[9.7229422,46.3407052],[9.7371736,46.350781],[9.7390738,46.3499581],[9.7435059,46.3517125],[9.7472645,46.3477542],[9.75762,46.3441613],[9.7649419,46.3375915],[9.7775246,46.3347927],[9.7847185,46.3407425],[9.8028189,46.3441853],[9.8098086,46.348515],[9.8183191,46.3496752],[9.8276001,46.3554186],[9.8327163,46.3612507],[9.8461146,46.361892],[9.8494721,46.3645781],[9.8538546,46.3631798],[9.8653102,46.3646647],[9.8679476,46.3631475],[9.8715291,46.3638437],[9.8802637,46.3682026],[9.8838465,46.3726667],[9.8992313,46.3769776],[9.9063797,46.3807596],[9.909723,46.3796118],[9.9170057,46.3703425],[9.9201056,46.371555],[9.9228845,46.3704913],[9.9249764,46.366084],[9.9312758,46.3682508],[9.9301003,46.371742],[9.9344614,46.3748487],[9.9527592,46.3793014],[9.958462,46.3781242],[9.9557037,46.373638],[9.964455,46.3637742],[9.9841682,46.3535367],[9.9848182,46.3519476],[9.9955296,46.3516172],[9.9959447,46.3422505],[9.9909809,46.3396445],[9.9906192,46.3371362],[9.9854538,46.3336448],[9.9841813,46.3285165],[9.9799775,46.3231323],[9.9945369,46.3139347],[10.0000553,46.3131759],[9.9998242,46.3101653],[9.9967379,46.3067787],[10.0008427,46.3037381],[10.0007606,46.3015338],[9.9960636,46.2973546],[9.9918455,46.2965678],[9.9959074,46.2849432],[10.0078888,46.280969],[10.0312066,46.2770403],[10.0555243,46.2658412],[10.0579957,46.2582112],[10.0566843,46.2573388],[10.0587597,46.2557447],[10.0604187,46.248735],[10.0574736,46.2471352],[10.0570576,46.2441762],[10.0537303,46.2418188],[10.0536771,46.2358245],[10.0439474,46.2296683],[10.0547913,46.2264066],[10.0601525,46.2236321],[10.0630611,46.2201974],[10.0707637,46.2171673],[10.081091,46.2254514],[10.0885663,46.2277982],[10.1025574,46.2282435],[10.1091386,46.2257282],[10.1232544,46.2237905],[10.1285913,46.2255956],[10.1323004,46.2248788],[10.1450575,46.2298164],[10.1508508,46.2396429],[10.1749126,46.2546131],[10.1765029,46.2582769],[10.171995,46.2665954],[10.1634078,46.2712969],[10.1612765,46.2772491],[10.1623322,46.2818131],[10.1546983,46.285245],[10.1539768,46.2862862],[10.1566003,46.2892857],[10.1542133,46.2927865],[10.1390678,46.2994587],[10.138752,46.3043496],[10.1374774,46.3051381],[10.1165953,46.3140865],[10.1111816,46.3259362],[10.1044275,46.3336323],[10.1061393,46.3419355],[10.1091557,46.3460817],[10.1085586,46.3524124],[10.1127341,46.3526109],[10.1292823,46.3620412],[10.1263412,46.3696465],[10.1285721,46.378239],[10.1412241,46.3856994],[10.1477886,46.3867993],[10.1577629,46.3854535],[10.1637075,46.390201],[10.1638848,46.3960108],[10.1618481,46.4029918],[10.1668581,46.4072686],[10.161158,46.4154217],[10.15749,46.4159315],[10.14937,46.4128219],[10.147653,46.4142256],[10.1486634,46.4152715],[10.1471729,46.4223683],[10.1426008,46.4270143],[10.1431841,46.4283225],[10.1329947,46.4290837],[10.1295724,46.4317839],[10.118673,46.42881],[10.1179144,46.4264544],[10.1085938,46.4281267],[10.1066767,46.425797],[10.1025775,46.4247956],[10.1013665,46.4217632],[10.0919903,46.4226502],[10.0807996,46.4210606],[10.0792046,46.423111],[10.0795632,46.4265015],[10.0771771,46.4282029],[10.0643776,46.4258734],[10.0615503,46.4274602],[10.0587785,46.430103],[10.0582456,46.4382584],[10.0568156,46.440264],[10.0525664,46.4397014],[10.0430172,46.4421916],[10.0391547,46.446944],[10.0420981,46.4485731],[10.0417844,46.4519643],[10.0437685,46.4548619],[10.0524761,46.4604087],[10.0538943,46.4641884],[10.0515592,46.4681788],[10.0517387,46.4714802],[10.0431481,46.4791538],[10.0433858,46.4822024],[10.0475051,46.486091],[10.0448002,46.4930628],[10.0486194,46.4993469],[10.0439268,46.503874],[10.0423258,46.5096304],[10.0514217,46.5133003],[10.0536093,46.5181623],[10.0532696,46.5244762],[10.0504844,46.5288526],[10.0534402,46.5306745],[10.0528575,46.5324573],[10.04628,46.535249],[10.0439683,46.5375809],[10.0439582,46.540118],[10.046823,46.5435275],[10.0616225,46.5457754],[10.0635028,46.5486876],[10.0688769,46.5514099],[10.0717014,46.5590387],[10.0823813,46.5635536],[10.085186,46.56687],[10.0799632,46.5711171],[10.0786603,46.575125],[10.0951306,46.5772144],[10.1007414,46.5827519],[10.1011538,46.5891819],[10.0970803,46.592994],[10.0980006,46.5972117],[10.1013903,46.6009774],[10.0988319,46.6049937],[10.1023501,46.6107195],[10.1061861,46.6106614],[10.1143133,46.6069796],[10.1276411,46.6050826],[10.1359605,46.607538],[10.137346,46.6107421],[10.1435054,46.6106882],[10.1521897,46.6146728],[10.1620162,46.6159322],[10.1879734,46.6255876],[10.1927506,46.6259355],[10.1933905,46.6234174],[10.2063572,46.6207704],[10.2153152,46.6169502],[10.2241724,46.629126],[10.2399994,46.6352926],[10.2411749,46.6270468],[10.2447744,46.6221686],[10.2588761,46.6104438],[10.2556248,46.6084402],[10.2420748,46.592209],[10.2415353,46.5894547],[10.2460576,46.5750088],[10.2541197,46.5712463],[10.2642534,46.5770704],[10.2693435,46.5776755],[10.2743577,46.5736101],[10.2874589,46.5703447],[10.2902553,46.5637904],[10.2960231,46.5589873],[10.2964746,46.555544],[10.2944282,46.5519215],[10.296064,46.5499758],[10.3081357,46.5494274],[10.3114788,46.5467019],[10.3254591,46.5517458],[10.3381762,46.5427261],[10.3494187,46.5493185],[10.351517,46.555389],[10.363998,46.5554492],[10.3704696,46.5539365],[10.3796818,46.5498032],[10.3842532,46.5500455],[10.3962792,46.5440788],[10.4182509,46.5513348],[10.4331409,46.5416708],[10.4366209,46.5373572],[10.4527897,46.530709],[10.458495,46.5364942],[10.4591047,46.5413042],[10.4657366,46.541259],[10.4722341,46.5435309],[10.4710842,46.5483669],[10.4777266,46.5571927],[10.4740485,46.5627427],[10.4750513,46.5663311],[10.4805395,46.5747602],[10.4846946,46.5774329],[10.483398,46.5810695],[10.4873953,46.5892442],[10.4837629,46.5921557],[10.4873299,46.5980591],[10.4844756,46.6050651],[10.4910891,46.6111742],[10.4920592,46.6144067],[10.487209,46.6156155],[10.4628151,46.632867],[10.4461258,46.6412769],[10.441825,46.6390033],[10.4197466,46.6381166],[10.4092491,46.6349718],[10.4013023,46.6371815],[10.4002343,46.6458365],[10.3966774,46.6495968],[10.3957815,46.6529598],[10.392357,46.6550652],[10.3909743,46.6589047],[10.3927578,46.661631],[10.3910408,46.6677698],[10.3922234,46.6709797],[10.385466,46.6818219],[10.3817965,46.6843049],[10.3828559,46.6867251],[10.3932955,46.6892075],[10.4033022,46.7055039],[10.4102685,46.7055983],[10.416068,46.7089985],[10.4153233,46.711634],[10.4187879,46.7186731],[10.4144472,46.7206589],[10.4098514,46.7251448],[10.4089504,46.728274],[10.4005621,46.7323811],[10.4006211,46.7337317],[10.4116261,46.7385573],[10.4129086,46.7407901],[10.4356866,46.7527511],[10.4410585,46.7521445],[10.4426021,46.7538396],[10.4438952,46.7629983],[10.441685,46.7671075],[10.4416848,46.7718639],[10.4352072,46.7775342],[10.4339956,46.7815297],[10.4229708,46.7879649],[10.4266306,46.7894071],[10.4279246,46.7913414],[10.4267693,46.7936908],[10.4295439,46.7967801],[10.4389801,46.7976389],[10.4476632,46.8011534],[10.4506746,46.8041351],[10.4576565,46.8160837],[10.4557341,46.8211323],[10.4599501,46.824364],[10.4565903,46.8301893],[10.4611521,46.8346284],[10.4664593,46.8358479],[10.4659869,46.8395184],[10.4638636,46.8412953],[10.4686352,46.8474359],[10.4717956,46.8487714],[10.4679946,46.8621059],[10.4712624,46.8729572],[10.4692174,46.8810977],[10.4648026,46.8842287],[10.4750778,46.8942849],[10.4751691,46.9011317],[10.477666,46.9033216],[10.4783197,46.9099227],[10.4859693,46.9150888],[10.485324,46.9182024],[10.4882095,46.925851],[10.4852831,46.9306529],[10.488692,46.9382134],[10.4769157,46.9408951],[10.4689361,46.9470178],[10.456912,46.950851],[10.4557931,46.9527064],[10.4491413,46.9523122],[10.4264757,46.9572979],[10.4220349,46.9607314],[10.4233098,46.9659178],[10.4270584,46.9711322],[10.4271457,46.974953],[10.4207154,46.9798041],[10.4125254,46.9826375],[10.4021809,46.9908622],[10.3987059,46.9968654],[10.3893181,47.0005251],[10.384695,46.9999965],[10.3712415,46.9906859],[10.3549128,46.9923022],[10.3466737,46.9895849],[10.344795,46.9830712],[10.339995,46.9810643],[10.3407049,46.9783736],[10.3345108,46.9725173],[10.3331474,46.9679867],[10.3296232,46.9644679],[10.3292831,46.9579984],[10.3271831,46.9537752],[10.3208398,46.9514466],[10.3102845,46.9504088],[10.3085401,46.948806],[10.3085574,46.9435581],[10.3061823,46.9401424],[10.3173152,46.9305467],[10.3161006,46.9254529],[10.3007876,46.9246539],[10.2968663,46.9199499],[10.2910292,46.9232596],[10.2668744,46.9288293],[10.2405831,46.9313701],[10.242091,46.9196197],[10.2360055,46.9131433],[10.2338083,46.9024448],[10.2257169,46.8959397],[10.2276279,46.8902094],[10.2347199,46.8848619],[10.2310593,46.8686476],[10.2326652,46.8662925],[10.2192278,46.8672836],[10.2091894,46.8648134],[10.1939639,46.8664882],[10.1912016,46.862983],[10.1834253,46.8587031],[10.1814275,46.8553185],[10.1717562,46.8536641],[10.1687041,46.8506142],[10.162691,46.8509894],[10.1574114,46.8478611],[10.154967,46.8501825],[10.1472815,46.8514056],[10.138672,46.8473751],[10.1229115,46.8484387],[10.1199453,46.8473842],[10.1193278,46.8445081],[10.1056541,46.8408764],[10.1002524,46.8463649],[10.0919772,46.8514316],[10.0926731,46.8581338],[10.0868588,46.8610768],[10.0595933,46.8607711],[10.0519108,46.8636639],[10.0507716,46.8694666],[10.0523956,46.8753281],[10.0430309,46.8804037],[10.0381097,46.8865886],[10.0328144,46.8876697],[10.0264672,46.8958057],[10.02319,46.8966023],[10.0178666,46.9015492],[10.0049435,46.8988926],[9.9973992,46.9020349],[9.9906266,46.9023758],[9.9824336,46.9061986],[9.9807826,46.9133707],[9.9771081,46.9158928],[9.966818,46.9122524],[9.9636738,46.9125627],[9.959094,46.9159251],[9.9457623,46.9124399],[9.9372253,46.9133112],[9.9218206,46.9187228],[9.9125407,46.9259617],[9.9063207,46.9253006],[9.9006615,46.9271687],[9.8944853,46.9316447],[9.8765201,46.9346621],[9.8780079,46.9382735],[9.8806661,46.9400353],[9.8765706,46.9407057],[9.8748781,46.9503903],[9.8777539,46.9532421],[9.8783563,46.9573436],[9.8712474,46.9630939],[9.8754629,46.967261],[9.8747183,46.9720605],[9.8760295,46.9738995],[9.8844982,46.9807715],[9.8833604,46.9827194],[9.8848165,46.9854648],[9.8912997,46.9884783],[9.8923039,46.9903589],[9.8905819,46.9918511],[9.8887667,47.0002785],[9.8732561,47.0063484],[9.8707878,47.0096332],[9.8717491,47.0134607],[9.8803497,47.0172237],[9.8774876,47.0206984],[9.8597449,47.0232098],[9.8570648,47.0189447],[9.8530541,47.0166441],[9.8410085,47.0151188],[9.8381429,47.0129497],[9.8397313,47.0126543],[9.8363189,47.0127304],[9.8307567,47.0143189],[9.8233885,47.0199036],[9.8159888,47.0223566],[9.8125266,47.0217498],[9.8069674,47.024162],[9.8015179,47.0289443],[9.7918885,47.0316862],[9.7849142,47.0384853],[9.7485339,47.0369741],[9.745325,47.0408354],[9.7415703,47.0422946],[9.7185544,47.0433442],[9.7074937,47.0477784],[9.7056711,47.0503506],[9.7081508,47.0513858],[9.7078991,47.0534793],[9.69756,47.0523884],[9.6889941,47.0551434],[9.6821365,47.0588295],[9.6818398,47.0620979],[9.6590893,47.0582426],[9.6447122,47.0595021],[9.6402785,47.0535481],[9.6328908,47.0512769],[9.6172016,47.0536259],[9.603472,47.0617744],[9.5821757,47.0528248],[9.5755884,47.0530838],[9.5574375,47.0484941],[9.5545504,47.050261],[9.5516187,47.058843],[9.5397528,47.0651482],[9.5165385,47.0600894],[9.5120732,47.0568181],[9.4999962,47.0571275],[9.499336,47.0548116],[9.4973872,47.0541601],[9.4913076,47.0562517],[9.4849613,47.0491879],[9.4818879,47.0525407],[9.4822741,47.0561191],[9.4762706,47.0534591],[9.4757865,47.0517524],[9.4784374,47.0474809],[9.5071038,47.0174377],[9.5115612,47.0080547],[9.5455826,46.9765673],[9.5412341,46.9742919],[9.5291045,46.9739798],[9.51895,46.9703535],[9.5176851,46.9679384],[9.5182635,46.9556488],[9.5051469,46.9537444],[9.5031607,46.9494733],[9.4988831,46.9472608],[9.4958863,46.9407813],[9.4928638,46.9392167],[9.4937076,46.937716],[9.4865233,46.935524],[9.4857803,46.9310895],[9.4804315,46.9259786],[9.478166,46.9180213],[9.4789158,46.9156899],[9.4879923,46.9122928],[9.4822737,46.9082093],[9.4754217,46.9064212],[9.4710062,46.9014202],[9.467249,46.8998878],[9.4697363,46.8914727],[9.4677663,46.8872694],[9.4660476,46.8858961],[9.4542546,46.8860551],[9.4559388,46.881209],[9.45254,46.874617],[9.4482345,46.8735229],[9.4378018,46.8797379],[9.4326442,46.8848114],[9.4213459,46.8890423],[9.40994,46.8919759],[9.4000253,46.8920589],[9.3816947,46.8976333],[9.3655032,46.8969199],[9.3470318,46.8996724],[9.3431054,46.8984862],[9.3386677,46.9020295],[9.3213283,46.9007131],[9.3176212,46.9012315],[9.3104613,46.9054645],[9.2942647,46.9069436],[9.2869138,46.9050623],[9.2760453,46.9071638],[9.2669244,46.9032186],[9.2574883,46.9083978],[9.2543512,46.9132325],[9.2488895,46.9162714],[9.2451477,46.9146084],[9.2401989,46.9081875],[9.234063,46.9080895],[9.2265911,46.9055998],[9.2241058,46.9010894],[9.2110875,46.8893019],[9.2061026,46.8867499],[9.2040301,46.8830916]]]}},{"type":"Feature","properties":{"code":"JU","name":"Jura"},"geometry":{"type":"Polygon","coordinates":[[[7.2126782,47.2895701],[7.2322764,47.2881927],[7.2419116,47.285378],[7.2582594,47.2855946],[7.2583031,47.2867815],[7.2629802,47.2870844],[7.2777859,47.2841647],[7.3031099,47.2877594],[7.3354515,47.2882746],[7.3392243,47.2822647],[7.3478648,47.2805225],[7.3542654,47.2712818],[7.337207,47.2680538],[7.3373877,47.2624936],[7.3414592,47.2628595],[7.3376839,47.2587404],[7.3384037,47.2552395],[7.3431041,47.252118],[7.3453506,47.2477551],[7.3687193,47.2585313],[7.3763267,47.2560929],[7.3917671,47.2559006],[7.393401,47.2676491],[7.3898135,47.2739494],[7.3924926,47.277952],[7.392546,47.2840917],[7.3897468,47.2919777],[7.3969215,47.2976698],[7.3600614,47.2929543],[7.3561515,47.2943149],[7.3480611,47.2923076],[7.3459346,47.2942105],[7.3425725,47.2935259],[7.3420714,47.2971333],[7.3502849,47.2996257],[7.3482086,47.3056775],[7.3654693,47.3094138],[7.3791752,47.3147083],[7.4117176,47.3133107],[7.4136422,47.3098312],[7.4214295,47.3072041],[7.4437556,47.3086468],[7.4593097,47.3066953],[7.4760432,47.3070705],[7.4861184,47.3022342],[7.4963716,47.3021926],[7.5234595,47.3142439],[7.5583459,47.3223652],[7.5541643,47.3232534],[7.5476161,47.321579],[7.5314774,47.3211028],[7.527758,47.3226761],[7.5345955,47.3341922],[7.5499572,47.3408572],[7.5517292,47.3447857],[7.544943,47.3474408],[7.5390608,47.3475547],[7.5368701,47.3501924],[7.5411988,47.3562541],[7.5396543,47.3601167],[7.5338258,47.3596586],[7.5323555,47.3625341],[7.5221153,47.3649781],[7.52435,47.3716235],[7.5007214,47.3720248],[7.4875879,47.3697084],[7.4784366,47.3712965],[7.4632804,47.3703039],[7.4556858,47.371899],[7.440178,47.3802788],[7.436132,47.3781131],[7.4373242,47.3808885],[7.4336787,47.3793963],[7.4116926,47.3805724],[7.4162762,47.3847888],[7.4138303,47.3886478],[7.4148048,47.3939608],[7.3989356,47.3968391],[7.3959908,47.4030492],[7.3886939,47.4030191],[7.3840549,47.4123602],[7.3572332,47.4149963],[7.3579916,47.4181529],[7.3441382,47.4244676],[7.3399585,47.4297645],[7.3262162,47.4320858],[7.3253312,47.4343652],[7.3278158,47.4381915],[7.3267279,47.4399688],[7.3125206,47.4379572],[7.3033278,47.4387678],[7.2926861,47.4333519],[7.2834316,47.4350512],[7.2696776,47.4270338],[7.2550971,47.4244204],[7.2465183,47.4203421],[7.24578,47.4265324],[7.2390259,47.4285203],[7.2375373,47.4305837],[7.2388808,47.4332921],[7.2334456,47.4386243],[7.225584,47.4400243],[7.2074318,47.4350897],[7.1957963,47.4354238],[7.1925197,47.4390063],[7.1702035,47.4429827],[7.1780025,47.457722],[7.1789836,47.4649728],[7.1775007,47.4680487],[7.1909086,47.4885553],[7.2029571,47.4913867],[7.2013185,47.4937317],[7.1704728,47.4894848],[7.1622737,47.4900176],[7.1569243,47.4920984],[7.1504007,47.4973058],[7.1391517,47.5017999],[7.1288543,47.5035413],[7.1125326,47.4951214],[7.100047,47.4943109],[7.0942428,47.4954372],[7.0748517,47.4881832],[7.0725515,47.4897557],[7.0720797,47.4923848],[7.0607354,47.4953933],[7.0524081,47.4951244],[7.0444926,47.498449],[7.0375208,47.497578],[7.0366426,47.4991952],[7.0271171,47.5017662],[7.0249278,47.5042837],[7.0155443,47.5034291],[7.0003759,47.4997134],[6.9861881,47.4934266],[6.9829674,47.494551],[6.9864223,47.4921316],[6.9886439,47.4868881],[6.9885983,47.4809982],[6.98651,47.4768227],[6.993155,47.4707109],[6.9908281,47.4675965],[6.9916994,47.4663893],[7.0004848,47.4672016],[7.0009514,47.4624919],[6.9978892,47.4598463],[6.9975401,47.456429],[7.0014366,47.4559775],[7.0021819,47.4541635],[6.9958802,47.4496479],[6.9901927,47.4479801],[6.9809817,47.4492342],[6.9702863,47.4471103],[6.9662844,47.437651],[6.9605092,47.4347011],[6.9402723,47.4333274],[6.9415359,47.4156591],[6.9384341,47.4060812],[6.9214561,47.4052823],[6.9197072,47.4066299],[6.9132514,47.4045764],[6.9177711,47.4031836],[6.9154957,47.3978277],[6.9093105,47.3960959],[6.9135068,47.3880869],[6.9101926,47.385055],[6.9038562,47.3826183],[6.8951012,47.3816777],[6.8957778,47.3798987],[6.883607,47.3728593],[6.8849398,47.3674026],[6.879392,47.3577742],[6.8793866,47.3531826],[6.887013,47.3532973],[6.8947046,47.3565338],[6.895648,47.3586145],[6.8991957,47.3579397],[6.9021486,47.3593172],[6.9215361,47.3551349],[6.932457,47.3580973],[6.9746009,47.3601278],[6.9843172,47.3636489],[6.9963997,47.3635956],[7.0065035,47.367728],[7.0118024,47.372647],[7.0131076,47.3714231],[7.0154774,47.372915],[7.0181751,47.3726166],[7.0202219,47.3703231],[7.0340735,47.369656],[7.0347968,47.3633335],[7.0430849,47.3642427],[7.0490775,47.3618522],[7.0526368,47.3523261],[7.049954,47.3486832],[7.0623707,47.3440342],[7.0597889,47.3397001],[7.0529324,47.336618],[7.0528161,47.3351818],[7.0569839,47.3343682],[7.0456146,47.3264816],[7.034509,47.3283127],[7.0099836,47.3245152],[7.0092902,47.3202978],[7.0129868,47.3201892],[7.0161976,47.3146772],[7.0137702,47.3098641],[7.0109768,47.3080339],[7.0082284,47.3014189],[7.0034029,47.3013953],[6.9962613,47.2957858],[6.9770199,47.2963303],[6.9757812,47.2926203],[6.9736852,47.2913172],[6.9679085,47.2926069],[6.9487841,47.291544],[6.9407097,47.2863475],[6.9515692,47.2704648],[6.9501266,47.2659282],[6.9511935,47.2600769],[6.9467256,47.2542738],[6.9473498,47.2507145],[6.9557774,47.2438615],[6.955319,47.2428624],[6.943129,47.2379097],[6.9427625,47.2344614],[6.9394441,47.2308858],[6.9283537,47.2288676],[6.9234963,47.2219506],[6.9097573,47.2180344],[6.9059515,47.214028],[6.8809583,47.2006156],[6.8738615,47.1905294],[6.8737452,47.1852925],[6.867716,47.1854394],[6.8640945,47.1804954],[6.8428392,47.1723469],[6.8409626,47.1702603],[6.8441929,47.1669472],[6.8476482,47.1659573],[6.8608957,47.1655164],[6.8719698,47.1741209],[6.8768724,47.1608655],[6.879878,47.1584689],[6.8796221,47.1542724],[6.8824736,47.1531491],[6.8837226,47.1504093],[6.9060937,47.1571512],[6.9143629,47.1628628],[6.9298868,47.1693567],[6.9382032,47.1751614],[6.9410795,47.180915],[6.9407552,47.1837898],[6.9521616,47.187351],[6.9553738,47.1839157],[6.953361,47.1827646],[6.9561148,47.1806554],[6.9603918,47.1820459],[6.9695684,47.1814609],[6.9774435,47.1749319],[6.9812758,47.1745376],[6.9862844,47.1772092],[6.9940026,47.1866911],[6.9964251,47.1933278],[7.0234483,47.1956998],[7.0302879,47.2022764],[7.0469007,47.2267134],[7.0586715,47.23119],[7.0563314,47.2369252],[7.0572239,47.2410319],[7.0598244,47.2427963],[7.0795219,47.2477588],[7.079596,47.2434018],[7.0844844,47.2452798],[7.0872339,47.2434733],[7.0878905,47.2408214],[7.0857411,47.2399777],[7.0884297,47.2370031],[7.0962407,47.237045],[7.0972608,47.2395527],[7.1033551,47.2431206],[7.1106523,47.2420425],[7.1289814,47.2450116],[7.1389379,47.2432762],[7.1549896,47.2476956],[7.1492007,47.2538523],[7.1517677,47.2547784],[7.1498437,47.2561371],[7.1427657,47.2557428],[7.1431017,47.2594775],[7.1489387,47.262184],[7.1472272,47.2626148],[7.1460524,47.2659131],[7.1500771,47.2696933],[7.167923,47.2743604],[7.1678858,47.2813518],[7.1700293,47.2841882],[7.1652072,47.2863567],[7.1647294,47.2889599],[7.1685125,47.2907128],[7.1637832,47.2940525],[7.2059944,47.2954654],[7.2091748,47.294704],[7.2069687,47.2910922],[7.2101827,47.288834],[7.2126782,47.2895701]]]}},{"type":"Feature","properties":{"code":"LU","name":"Lucerne"},"geometry":{"type":"Polygon","coordinates":[[[8.3066609,47.2507531],[8.3006176,47.2531353],[8.2960645,47.2600516],[8.294541,47.2652897],[8.2996956,47.270771],[8.2879102,47.2786766],[8.2786331,47.2821229],[8.2714428,47.2808298],[8.2706757,47.2834771],[8.2617324,47.2825413],[8.2594748,47.2868885],[8.2507168,47.286087],[8.2486543,47.2811981],[8.2446221,47.2807593],[8.2426397,47.2762568],[8.2409897,47.2760083],[8.2419703,47.2729625],[8.230958,47.2739339],[8.2283574,47.2729001],[8.2197523,47.2521612],[8.2081543,47.2475726],[8.204573,47.2427646],[8.205754,47.2382604],[8.2027668,47.2315723],[8.2048541,47.2264674],[8.1940077,47.226306],[8.1861579,47.2226508],[8.1763166,47.2219749],[8.1727742,47.2250413],[8.1738743,47.2271278],[8.1655634,47.2284415],[8.1599134,47.2327733],[8.1620913,47.2353845],[8.1559338,47.2378096],[8.1560038,47.2391886],[8.1616465,47.2406211],[8.1761955,47.2406471],[8.1805693,47.2480627],[8.1797049,47.2504389],[8.1749768,47.253515],[8.1594515,47.2489928],[8.1339595,47.2464711],[8.1244263,47.2413698],[8.1190561,47.2439034],[8.1090942,47.2445481],[8.1060315,47.2489902],[8.1059121,47.252079],[8.0987834,47.2601901],[8.0884653,47.2628465],[8.0782909,47.2599923],[8.078597,47.2586582],[8.0704633,47.2546255],[8.0585973,47.2567068],[8.056701,47.2554585],[8.0573848,47.252235],[8.0627082,47.2470137],[8.0515125,47.2441468],[8.0275469,47.2412403],[8.0160947,47.2441275],[8.0168721,47.2589256],[8.0051993,47.26939],[8.0048444,47.2736148],[7.9953007,47.2815545],[7.986895,47.2760246],[7.9734603,47.2744878],[7.9716723,47.2761156],[7.9560273,47.2768613],[7.9506427,47.2747843],[7.9509176,47.2733143],[7.9491616,47.2725396],[7.9519951,47.2681916],[7.9516512,47.2656935],[7.9615964,47.2545685],[7.9337105,47.2362048],[7.9219225,47.237805],[7.9101007,47.2439465],[7.8972694,47.2430961],[7.8673945,47.2372962],[7.8538825,47.2328306],[7.8435798,47.2341732],[7.8420029,47.2357173],[7.8386647,47.2348181],[7.8364131,47.2244599],[7.8436855,47.2200052],[7.8437168,47.2180839],[7.8468357,47.217312],[7.8536238,47.2037511],[7.8599332,47.1986723],[7.8599792,47.1924717],[7.8758709,47.183219],[7.8832807,47.1731886],[7.8775198,47.1673884],[7.875686,47.1618615],[7.8762936,47.1560139],[7.8806302,47.1484954],[7.8895632,47.1413162],[7.8903469,47.1378046],[7.8900007,47.1345828],[7.8887839,47.1346457],[7.8897968,47.1320362],[7.8864922,47.1316861],[7.8863473,47.1288911],[7.8701961,47.1228269],[7.8673158,47.1200626],[7.8669226,47.1166007],[7.8694645,47.1161137],[7.8681449,47.1119748],[7.8749484,47.1094362],[7.8730678,47.1049564],[7.8761896,47.1016573],[7.8738472,47.0984904],[7.8795077,47.0955217],[7.8779016,47.092947],[7.8798161,47.0918981],[7.8809311,47.0867857],[7.8782656,47.0819792],[7.8801352,47.081266],[7.8767579,47.0797958],[7.8789436,47.0788051],[7.8772772,47.0715873],[7.8711352,47.0628023],[7.8739152,47.0617976],[7.8662019,47.0541905],[7.8681182,47.0518438],[7.8664419,47.049792],[7.8745992,47.0413513],[7.8823473,47.0394009],[7.8848882,47.0327408],[7.8923671,47.0301012],[7.8945567,47.0227589],[7.900535,47.0179775],[7.8971907,47.013738],[7.8989658,47.008693],[7.9018248,47.0062527],[7.9220101,47.0105561],[7.9250637,47.0103736],[7.9284218,47.0059057],[7.9330677,47.0041928],[7.9497665,47.0065131],[7.9562036,47.003424],[7.9482414,46.9933026],[7.9524282,46.9812583],[7.9439092,46.9771833],[7.945354,46.9678445],[7.9322377,46.9616508],[7.9319384,46.9515837],[7.9305074,46.9493062],[7.9219865,46.9468987],[7.9210804,46.9425708],[7.9125112,46.933087],[7.8981343,46.9347348],[7.8747362,46.9262708],[7.8670743,46.9147927],[7.8746758,46.9113161],[7.8794601,46.9112356],[7.8831168,46.9066361],[7.8826601,46.9035355],[7.879759,46.9003907],[7.8815893,46.8998982],[7.8756189,46.8960038],[7.8730479,46.8896749],[7.8679167,46.8870706],[7.8595611,46.8857916],[7.8566122,46.8834882],[7.8572623,46.871459],[7.864264,46.8695593],[7.8646831,46.8662856],[7.8694916,46.8643496],[7.867292,46.8586814],[7.8675057,46.8519752],[7.870442,46.8438591],[7.8770771,46.8370701],[7.9223894,46.8200081],[7.946745,46.8052516],[7.9533154,46.7962013],[7.9526238,46.7935084],[7.9549791,46.7907511],[7.9687023,46.7851289],[7.9718866,46.7799845],[7.9757124,46.7773076],[7.9865642,46.7754382],[7.9940818,46.7788883],[7.9968835,46.7821718],[8.0045324,46.7831756],[8.0207062,46.7890684],[8.0313808,46.790251],[8.0389843,46.7875925],[8.0469368,46.7871155],[8.0560911,46.7929483],[8.0568499,46.7954771],[8.0553001,46.799165],[8.0609938,46.8028032],[8.0638622,46.8029819],[8.0645301,46.8061064],[8.0546867,46.8212619],[8.0470737,46.8289574],[8.0477317,46.8316247],[8.0424303,46.836228],[8.0457589,46.8441787],[8.0559808,46.8493036],[8.0583181,46.8526787],[8.0575141,46.8574866],[8.0644115,46.8586645],[8.0672709,46.8624216],[8.0659784,46.8669742],[8.0696932,46.8687961],[8.0715913,46.8737188],[8.0701425,46.8769067],[8.0710026,46.8815608],[8.0693445,46.8820296],[8.0669969,46.8878276],[8.0696779,46.8907688],[8.0698227,46.89573],[8.082592,46.8991766],[8.0858952,46.9061323],[8.089211,46.9091935],[8.0948072,46.9111065],[8.1086404,46.9082641],[8.1064285,46.8984439],[8.107602,46.8948917],[8.1112818,46.8927653],[8.1127379,46.8937733],[8.1224961,46.9094698],[8.1339638,46.9215365],[8.1643563,46.9385575],[8.1622473,46.9430729],[8.1510929,46.9528752],[8.1514693,46.95581],[8.1500404,46.9574214],[8.1567876,46.9612432],[8.1766635,46.9684453],[8.1819167,46.9685261],[8.1873321,46.9717471],[8.2022414,46.9669797],[8.2288919,46.9700111],[8.2288726,46.9731468],[8.2230522,46.9757279],[8.2182441,46.980743],[8.2280597,46.992616],[8.2377075,46.991832],[8.243962,46.9860157],[8.2483661,46.9874329],[8.2547579,46.993721],[8.2654893,46.9981826],[8.2779872,46.9979791],[8.2837341,46.9950564],[8.2888549,46.9945936],[8.2939722,46.9962099],[8.2947816,46.998147],[8.31162,46.9980329],[8.3188426,46.9995668],[8.3344546,46.9890098],[8.368514,47.0199538],[8.3837987,47.0177149],[8.3847047,47.0029194],[8.3826992,47.0013773],[8.3860833,46.9984937],[8.3963428,47.0008732],[8.4260033,46.9981425],[8.4279853,47.0172075],[8.4690692,47.0092892],[8.4681671,46.9965235],[8.4736038,46.9955475],[8.500047,47.0008806],[8.5090498,47.0044949],[8.5134123,47.0121731],[8.5137144,47.0213027],[8.5080966,47.0241271],[8.5012531,47.0243177],[8.4699319,47.0474805],[8.4653775,47.0483362],[8.4459153,47.0582659],[8.4444713,47.0592567],[8.4457724,47.0602536],[8.4413774,47.0630894],[8.4308283,47.0653857],[8.399231,47.0594509],[8.3905144,47.0613294],[8.3887412,47.0697438],[8.4064743,47.0789001],[8.410202,47.0854],[8.4098008,47.0930921],[8.4186806,47.1003894],[8.4236861,47.1035058],[8.4369581,47.1061542],[8.4387884,47.1099647],[8.4486142,47.1113686],[8.4499974,47.1144263],[8.4638947,47.1111329],[8.4705884,47.1127776],[8.4753429,47.1113683],[8.4759954,47.1071019],[8.4930444,47.1001815],[8.4937326,47.1137326],[8.4803717,47.1263276],[8.4658539,47.1170652],[8.454106,47.1136967],[8.4494432,47.1309613],[8.445424,47.1288464],[8.4420727,47.1294956],[8.4303946,47.1233201],[8.4203161,47.1226289],[8.4162989,47.1238286],[8.4143459,47.1261892],[8.4167591,47.1305576],[8.4155027,47.1307251],[8.4161425,47.1331066],[8.4122057,47.1405668],[8.4052906,47.1374801],[8.3899662,47.1397673],[8.3760816,47.1392545],[8.3748534,47.142959],[8.3621789,47.1460979],[8.3576543,47.157128],[8.3481874,47.1643467],[8.346458,47.1699733],[8.3395544,47.1763794],[8.3382818,47.1831624],[8.3396575,47.1856622],[8.3302786,47.1976862],[8.3287565,47.2075664],[8.3252037,47.2147123],[8.3187518,47.2170435],[8.320715,47.2211258],[8.3170008,47.2249767],[8.3139355,47.2363387],[8.3147665,47.2394814],[8.3066609,47.2507531]]]}},{"type":"Feature","properties":{"code":"NE","name":"Neuchâtel"},"geometry":{"type":"Polygon","coordinates":[[[6.4631007,46.8755625],[6.4601921,46.8512939],[6.465526,46.8508428],[6.4663673,46.8485508],[6.4708808,46.8471395],[6.4822708,46.8466022],[6.5234745,46.8565738],[6.5305896,46.8603563],[6.5377662,46.8668449],[6.5451743,46.8685982],[6.5514346,46.8727882],[6.559907,46.8740709],[6.5872571,46.8841607],[6.5985231,46.8835931],[6.6146354,46.8889332],[6.6270861,46.8887095],[6.6454873,46.9061665],[6.648232,46.9110822],[6.6685178,46.9205602],[6.7208274,46.9360898],[6.7202065,46.9338016],[6.7234772,46.93118],[6.7175327,46.9158627],[6.7167011,46.9060767],[6.7215315,46.9050486],[6.7401098,46.8948143],[6.7382079,46.8844047],[6.7406666,46.8835527],[6.7368009,46.8738118],[6.7326638,46.86844],[6.7405843,46.8717842],[6.7552592,46.8704584],[6.7798257,46.8529608],[6.8656901,46.9095751],[6.8962302,46.9254861],[6.9281962,46.9533978],[7.0024263,46.9869039],[7.0403444,46.9795209],[7.0257129,47.0055373],[7.0311997,47.0113258],[7.033285,47.0158907],[7.0334846,47.0303369],[7.0403581,47.0369692],[7.0527962,47.0431548],[7.0660859,47.0453175],[7.0779863,47.0518071],[7.0876538,47.0597376],[7.0841826,47.0641188],[7.0822287,47.0643719],[7.0830864,47.066261],[7.0803288,47.0671725],[7.0804434,47.0733141],[7.077004,47.0759592],[7.0870542,47.0815513],[7.0868208,47.0856941],[7.075677,47.0962588],[7.0571402,47.0996796],[7.0411661,47.1083644],[7.0287285,47.1036698],[7.0235042,47.1121997],[7.0313793,47.1196322],[7.0399631,47.1246461],[7.0310741,47.1273109],[7.0256185,47.124129],[7.007756,47.1242156],[6.9959624,47.1189007],[6.9475892,47.1122781],[6.9399049,47.1091531],[6.9363444,47.108725],[6.9298273,47.1125926],[6.9265867,47.109146],[6.9157266,47.1037803],[6.8668643,47.0851144],[6.8717911,47.102857],[6.8810003,47.1083874],[6.888803,47.1311258],[6.8620151,47.1649426],[6.8585948,47.1655078],[6.8503178,47.1568074],[6.8410784,47.1541852],[6.8391974,47.149884],[6.8284242,47.1465466],[6.8251987,47.142494],[6.819629,47.1400953],[6.8148988,47.1356046],[6.807929,47.1352647],[6.8052338,47.1304357],[6.7797089,47.1238424],[6.7759987,47.1213637],[6.7658097,47.1207312],[6.7520443,47.1145748],[6.7463705,47.1097905],[6.7408968,47.1096509],[6.7407033,47.1056755],[6.7465063,47.0995291],[6.744061,47.0923751],[6.7319919,47.0894654],[6.7258744,47.0919394],[6.7227106,47.0895751],[6.7150799,47.0884122],[6.7076012,47.0830927],[6.7027289,47.0821393],[6.7075362,47.0794536],[6.7052176,47.0760884],[6.7057717,47.0739308],[6.7030644,47.073191],[6.7011503,47.0701115],[6.6934046,47.0689355],[6.691507,47.0666743],[6.7015702,47.0587146],[6.7086376,47.0580824],[6.7116356,47.053852],[6.7192396,47.0521255],[6.696608,47.0372576],[6.6867357,47.0374804],[6.6780297,47.0354186],[6.6591318,47.0272401],[6.6538493,47.0225415],[6.6405403,47.0029283],[6.6336875,46.9981829],[6.618996,46.9919984],[6.612954,46.9910098],[6.5931502,46.9916765],[6.5718875,46.982013],[6.5374199,46.9734513],[6.5187201,46.9709261],[6.5048328,46.9656621],[6.4965027,46.9741095],[6.4839517,46.9663086],[6.4664601,46.9512596],[6.4592361,46.9429089],[6.4464703,46.9340797],[6.4326552,46.9286841],[6.4358002,46.921775],[6.4579341,46.9007714],[6.4645461,46.8902782],[6.4631007,46.8755625]]]}},{"type":"Feature","properties":{"code":"NW","name":"Nidwalden"},"geometry":{"type":"Polygon","coordinates":[[[8.4584755,47.0113326],[8.4279853,47.0172075],[8.4260033,46.9981425],[8.3967361,47.0007072],[8.3860833,46.9984937],[8.3828327,47.000545],[8.3847047,47.0029194],[8.3837987,47.0177149],[8.368514,47.0199538],[8.3344546,46.9890098],[8.3188426,46.9995668],[8.31162,46.9980329],[8.2955939,46.9982394],[8.2939722,46.9962099],[8.2888549,46.9945936],[8.2813377,46.9957103],[8.2779872,46.9979791],[8.2654893,46.9981826],[8.25525,46.9941413],[8.243962,46.9860157],[8.2377075,46.991832],[8.2280597,46.992616],[8.2180924,46.9810946],[8.2230522,46.9757279],[8.2288726,46.9731468],[8.2437664,46.974331],[8.2545002,46.9802812],[8.2733876,46.9784343],[8.281832,46.9758125],[8.3007648,46.9775586],[8.3064879,46.9760203],[8.3109666,46.9689814],[8.3061696,46.9557197],[8.3099143,46.9522203],[8.2984209,46.9460114],[8.2883679,46.9340978],[8.2997712,46.9303175],[8.3090014,46.9248721],[8.3230151,46.9253715],[8.3381189,46.9293138],[8.3412286,46.9261894],[8.3383874,46.9183682],[8.3434717,46.9149007],[8.3414599,46.9093725],[8.3371702,46.9062577],[8.3381334,46.8906946],[8.3331978,46.886174],[8.3330371,46.8819564],[8.3283699,46.8779775],[8.3294989,46.8717682],[8.3342344,46.8672604],[8.3343005,46.8639023],[8.3279828,46.8468621],[8.3291605,46.8421789],[8.3325727,46.8378313],[8.3322548,46.8336565],[8.3359353,46.8331111],[8.3352129,46.8284345],[8.3229143,46.8221625],[8.3230444,46.8187628],[8.3392209,46.8053874],[8.3432858,46.8045355],[8.3449669,46.7999576],[8.37735,46.785825],[8.3820145,46.7807021],[8.3902166,46.7778227],[8.3952224,46.7715167],[8.4165726,46.7783945],[8.4264068,46.7744507],[8.426375,46.7771489],[8.4230553,46.7837338],[8.4198247,46.7864127],[8.419541,46.7890728],[8.4085448,46.7906586],[8.4016445,46.7955782],[8.3965325,46.7954542],[8.3851505,46.8035077],[8.388481,46.8091711],[8.3875548,46.8126746],[8.3777708,46.8162916],[8.3738456,46.8162192],[8.3772146,46.822882],[8.3767013,46.8264533],[8.3706053,46.8360232],[8.3715508,46.8378145],[8.3685585,46.8493997],[8.3709352,46.8527759],[8.3708151,46.8595103],[8.3642878,46.8595076],[8.3614602,46.8622157],[8.3641319,46.8669321],[8.3693509,46.8676152],[8.3701578,46.8717568],[8.3727249,46.8741838],[8.3801001,46.8740301],[8.3815188,46.8721123],[8.3807983,46.8698787],[8.3846579,46.8660484],[8.378355,46.8625649],[8.3750544,46.8579959],[8.3747715,46.8479146],[8.3813312,46.8565852],[8.3842688,46.854428],[8.397911,46.8641516],[8.405999,46.8654293],[8.4128201,46.8698465],[8.4187947,46.8627605],[8.4202503,46.8561111],[8.4187248,46.8531629],[8.4208187,46.8518591],[8.4299901,46.8502292],[8.4383513,46.853417],[8.4699861,46.8549256],[8.4709254,46.855895],[8.4681157,46.8602151],[8.4713386,46.8681288],[8.467191,46.8762439],[8.4790907,46.8825229],[8.4766725,46.8883005],[8.4729666,46.8914778],[8.4740563,46.8934304],[8.4679098,46.8974602],[8.4612769,46.8971978],[8.4587477,46.8992244],[8.4649807,46.9049719],[8.4812592,46.9085319],[8.4839204,46.9117031],[8.4860862,46.9184712],[8.4981087,46.9187574],[8.5027793,46.9144285],[8.5153242,46.9179826],[8.5189971,46.9202235],[8.5198321,46.9228427],[8.5317098,46.9235386],[8.544051,46.9278621],[8.5474263,46.9345194],[8.5435725,46.9393515],[8.5567819,46.9393502],[8.5586656,46.9407478],[8.5556952,46.9417907],[8.557074,46.9453712],[8.5559374,46.9468148],[8.5573303,46.9475232],[8.5556399,46.9514372],[8.5549705,46.9624426],[8.560234,46.9655848],[8.5630508,46.9702202],[8.5623779,46.972634],[8.5687187,46.9759513],[8.5749457,46.9831313],[8.5710407,46.9901574],[8.5426889,46.9795937],[8.5195541,46.9797622],[8.4966213,46.9764297],[8.4652268,46.9842716],[8.4681671,46.9965235],[8.4690692,47.0092892],[8.4584755,47.0113326]]]}},{"type":"Feature","properties":{"code":"OW","name":"Obwalden"},"geometry":{"type":"MultiPolygon","coordinates":[[[[8.4914322,46.7725301],[8.4886008,46.7809461],[8.4785492,46.7892748],[8.4819314,46.7938967],[8.4811284,46.7984274],[8.4713186,46.7955297],[8.4647104,46.7985085],[8.465795,46.7987102],[8.4642643,46.8005376],[8.4723107,46.7993766],[8.4786603,46.801344],[8.4832924,46.8047023],[8.4832296,46.8087584],[8.478126,46.8137214],[8.4836785,46.8198728],[8.4834108,46.8270191],[8.4863068,46.8320394],[8.4889597,46.8356585],[8.5043647,46.8411809],[8.5068781,46.8454783],[8.50289,46.8476483],[8.4985042,46.853104],[8.4886087,46.8533817],[8.4793933,46.8572499],[8.4755618,46.8546533],[8.4648292,46.8553694],[8.4383513,46.853417],[8.4299901,46.8502292],[8.4201807,46.8519856],[8.4181641,46.8631721],[8.4128201,46.8698465],[8.4044815,46.864924],[8.3987005,46.8647351],[8.3917763,46.8585003],[8.3842688,46.854428],[8.3813312,46.8565852],[8.3747715,46.8479146],[8.3750544,46.8579959],[8.3777927,46.8618318],[8.3843829,46.8658527],[8.380223,46.8703753],[8.38184,46.8718328],[8.3803758,46.8738857],[8.3734075,46.8744961],[8.3699797,46.8714269],[8.3693509,46.8676152],[8.3641222,46.8673318],[8.3613047,46.862518],[8.3637669,46.8596339],[8.3709328,46.8584535],[8.3706718,46.8516499],[8.3683339,46.8499053],[8.3708612,46.8347592],[8.3775128,46.8230572],[8.3743975,46.8169697],[8.3875548,46.8126746],[8.3885882,46.8094554],[8.3848053,46.8036916],[8.3965325,46.7954542],[8.4016445,46.7955782],[8.408012,46.7907812],[8.419541,46.7890728],[8.4195719,46.7867466],[8.4230553,46.7837338],[8.4263364,46.7772571],[8.4264068,46.7744507],[8.4165726,46.7783945],[8.3952224,46.7715167],[8.3963865,46.7654996],[8.4070706,46.7694819],[8.4146324,46.7743221],[8.4251153,46.7702919],[8.435491,46.7725081],[8.4418527,46.770075],[8.4466164,46.7702668],[8.4464505,46.7668785],[8.4486101,46.7634408],[8.4603517,46.7691029],[8.4757788,46.7678944],[8.4914322,46.7725301]]],[[[8.1622508,46.9634845],[8.1500013,46.9569299],[8.1510929,46.9528752],[8.1622473,46.9430729],[8.1647376,46.9388459],[8.13916,46.9233365],[8.1346522,46.922255],[8.1224961,46.9094698],[8.1127379,46.8937733],[8.1112818,46.8927653],[8.107602,46.8948917],[8.1064285,46.8984439],[8.1086404,46.9082641],[8.1013351,46.9089418],[8.0947803,46.9120431],[8.0858952,46.9061323],[8.0860965,46.9042566],[8.0825995,46.8995096],[8.0698227,46.89573],[8.0696779,46.8907688],[8.0669969,46.8878276],[8.0693445,46.8820296],[8.0710026,46.8815608],[8.0701425,46.8769067],[8.0715913,46.8737188],[8.0696492,46.8715319],[8.0698902,46.8691539],[8.0659784,46.8669742],[8.0672709,46.8624216],[8.0649619,46.8587389],[8.0575141,46.8574866],[8.0583181,46.8526787],[8.049794,46.8450801],[8.0455602,46.8439908],[8.0423122,46.8365705],[8.0644349,46.8074009],[8.0638622,46.8029819],[8.0553001,46.799165],[8.0568499,46.7954771],[8.0560911,46.7929483],[8.0469368,46.7871155],[8.0550616,46.788437],[8.0598223,46.7863926],[8.0683668,46.7884292],[8.0773268,46.7859382],[8.090039,46.7876445],[8.0917731,46.783746],[8.0995554,46.7782733],[8.1018568,46.7744421],[8.1052563,46.7729417],[8.1135173,46.7733979],[8.1213949,46.770511],[8.1469413,46.7548388],[8.1631264,46.7613112],[8.1679329,46.7653549],[8.1720978,46.7641373],[8.1897906,46.7703167],[8.1963029,46.7679295],[8.2079964,46.769458],[8.2219698,46.7610661],[8.2335399,46.7617281],[8.2402847,46.7695033],[8.2593779,46.7638145],[8.2686878,46.7543087],[8.2752278,46.7549625],[8.2834842,46.7531719],[8.2958748,46.7595093],[8.2981265,46.7620979],[8.2995441,46.7613885],[8.3066227,46.7641848],[8.3329203,46.7803429],[8.3599152,46.7829668],[8.369237,46.7887221],[8.3611115,46.7935599],[8.3552381,46.7947245],[8.344491,46.7999088],[8.3432858,46.8045355],[8.3392209,46.8053874],[8.3307466,46.8128929],[8.3263107,46.8148823],[8.3220353,46.8210267],[8.3256092,46.8240357],[8.334964,46.8275493],[8.3359353,46.8331111],[8.3325454,46.8337337],[8.3325727,46.8378313],[8.3291605,46.8421789],[8.3279828,46.8468621],[8.3306789,46.8515318],[8.3308331,46.8566796],[8.3345488,46.8612451],[8.3337918,46.8679542],[8.3296455,46.8714283],[8.3283699,46.8779775],[8.3330371,46.8819564],[8.3331978,46.886174],[8.3381334,46.8906946],[8.3371702,46.9062577],[8.3410991,46.9086989],[8.3434717,46.9149007],[8.3391967,46.9183223],[8.3407947,46.9269921],[8.3381189,46.9293138],[8.3230151,46.9253715],[8.3096344,46.9243057],[8.300481,46.9299744],[8.2886644,46.933784],[8.2922147,46.9400414],[8.2974698,46.9451469],[8.3094794,46.9520571],[8.3064035,46.955493],[8.3109666,46.9689814],[8.306895,46.9741495],[8.3071612,46.9759182],[8.3013376,46.9776611],[8.281832,46.9758125],[8.2733876,46.9784343],[8.2624827,46.9781057],[8.2609921,46.9803398],[8.2547332,46.9804532],[8.2445205,46.9745751],[8.229862,46.9737297],[8.2270263,46.9692285],[8.2030205,46.966931],[8.1873321,46.9717471],[8.1819167,46.9685261],[8.1766635,46.9684453],[8.1622508,46.9634845]]]]}},{"type":"Feature","properties":{"code":"SG","name":"St. Gallen"},"geometry":{"type":"MultiPolygon","coordinates":[[[[9.3538637,47.5118099],[9.3581243,47.5081402],[9.3588652,47.5100681],[9.3538637,47.5118099]]],[[[8.8283343,47.2504621],[8.8218333,47.2507917],[8.8026568,47.2467248],[8.7992813,47.2421504],[8.7970077,47.2425085],[8.7957222,47.2391176],[8.8086085,47.2200872],[8.8229092,47.2114427],[8.8342137,47.2086955],[8.8462861,47.2083087],[8.941406,47.2181383],[8.9558215,47.2162724],[8.9687098,47.2174142],[8.9742922,47.212803],[8.9698562,47.2114941],[8.9653289,47.198162],[8.9575795,47.1995046],[8.9619751,47.1794623],[8.970359,47.1788068],[8.9739579,47.1822885],[8.9795459,47.1831565],[8.995498,47.1788824],[8.9975864,47.1778545],[8.9963427,47.1765244],[9.0055892,47.1739901],[9.0674535,47.1302251],[9.1007166,47.1331451],[9.1081088,47.1313214],[9.1154179,47.1327527],[9.1359131,47.13198],[9.1476938,47.1289174],[9.1898696,47.1236999],[9.1888095,47.1159485],[9.190011,47.1099206],[9.1862452,47.1000098],[9.1876623,47.0941222],[9.1903565,47.0911005],[9.1887798,47.0854796],[9.1906239,47.0739477],[9.1919566,47.0735817],[9.1902906,47.0698927],[9.1852521,47.0642343],[9.1837458,47.0596278],[9.1745272,47.0529263],[9.1713295,47.0525696],[9.167394,47.0494002],[9.1533535,47.0472727],[9.1380588,47.0391352],[9.1562906,47.0301841],[9.1682951,47.0265732],[9.175206,47.0288079],[9.1808386,47.0261075],[9.2016527,47.0351215],[9.2089667,47.0357312],[9.2152824,47.0328929],[9.2200098,47.0331131],[9.2302755,47.0257973],[9.236115,47.0240669],[9.2428348,47.014655],[9.2433458,47.0059632],[9.2496743,46.9979581],[9.2458164,46.99238],[9.2465919,46.9877259],[9.2438909,46.9812973],[9.2463903,46.9789016],[9.2466706,46.9760902],[9.2427356,46.9657885],[9.2460639,46.9587474],[9.2433763,46.9560473],[9.2375366,46.9549463],[9.2362988,46.9448502],[9.2402845,46.9390127],[9.2498236,46.9349763],[9.2525772,46.9270313],[9.2502246,46.9241704],[9.2514051,46.9218666],[9.2488241,46.9168039],[9.2543512,46.9132325],[9.2574883,46.9083978],[9.2678684,46.9031948],[9.2768935,46.9073488],[9.2864841,46.9050915],[9.2933008,46.9070865],[9.3099293,46.9057655],[9.3176212,46.9012315],[9.321897,46.9005987],[9.3386677,46.9020295],[9.3431395,46.8982823],[9.3470318,46.8996724],[9.3606347,46.8974751],[9.3872826,46.8966139],[9.3994124,46.8921324],[9.40994,46.8919759],[9.4253082,46.8876622],[9.4335151,46.8842799],[9.4488629,46.8728865],[9.45254,46.874617],[9.4557827,46.8802558],[9.4542546,46.8860551],[9.4660476,46.8858961],[9.4677663,46.8872694],[9.4697363,46.8914727],[9.467249,46.8998878],[9.4710062,46.9014202],[9.4754217,46.9064212],[9.4822737,46.9082093],[9.4879923,46.9122928],[9.4795211,46.91552],[9.4777845,46.9205665],[9.4804315,46.9259786],[9.4857178,46.9303797],[9.4865233,46.935524],[9.4937076,46.937716],[9.4928638,46.9392167],[9.4960992,46.9403374],[9.4988831,46.9472608],[9.5034389,46.9499285],[9.5051469,46.9537444],[9.5186835,46.9561094],[9.5174299,46.968274],[9.5200263,46.9709833],[9.5296053,46.9740108],[9.5412341,46.9742919],[9.5447993,46.9761327],[9.5115612,47.0080547],[9.5060619,47.0186885],[9.4772452,47.049055],[9.4717767,47.0615162],[9.4716606,47.0642264],[9.4740884,47.0663892],[9.4922746,47.073844],[9.5143994,47.0863335],[9.5195806,47.0983373],[9.5123851,47.1303024],[9.5081841,47.1407276],[9.4997308,47.1497696],[9.4906702,47.1644959],[9.4859854,47.1805224],[9.4897626,47.1964922],[9.4996332,47.2113569],[9.5035029,47.2235074],[9.5204517,47.2439624],[9.5298329,47.2618521],[9.5308787,47.2708536],[9.5462076,47.2800606],[9.5515899,47.2872793],[9.5562586,47.2981919],[9.5655647,47.3041102],[9.5814429,47.3110644],[9.588051,47.3173029],[9.5993193,47.3448173],[9.6038173,47.3501321],[9.6244598,47.3661451],[9.6495492,47.3674458],[9.6624091,47.3710805],[9.6731406,47.3810655],[9.6741357,47.3893037],[9.6718499,47.3930607],[9.6600883,47.3975456],[9.6543745,47.4043994],[9.6522605,47.4045732],[9.6500921,47.421848],[9.6444766,47.4336636],[9.6458783,47.4388518],[9.6578729,47.4477083],[9.658994,47.4522045],[9.6458081,47.4556356],[9.6223413,47.457472],[9.6098591,47.4703522],[9.606456,47.4694432],[9.6050548,47.4640063],[9.6029192,47.4620083],[9.5951426,47.4633095],[9.5821741,47.4827585],[9.5648512,47.493002],[9.5619967,47.4962948],[9.5587204,47.5418932],[9.5069474,47.5497394],[9.4469608,47.5113099],[9.4251069,47.5015032],[9.4218249,47.496919],[9.4144079,47.4975173],[9.4099593,47.4936052],[9.40612,47.4937019],[9.4036882,47.4877845],[9.4008701,47.486495],[9.4011867,47.4811143],[9.3993032,47.4779255],[9.3962818,47.4768074],[9.3969824,47.4749806],[9.3911542,47.4773316],[9.3916002,47.4786429],[9.3887828,47.4815637],[9.3796002,47.4854753],[9.3808231,47.4873097],[9.3672265,47.4853192],[9.3681951,47.4880415],[9.3722706,47.4897232],[9.368462,47.492072],[9.3689046,47.4940298],[9.3740695,47.4953604],[9.3740388,47.5003867],[9.3560896,47.5034155],[9.3559026,47.5008718],[9.342091,47.503546],[9.3369147,47.5012833],[9.3379629,47.5059788],[9.3423834,47.5064526],[9.3481362,47.5098177],[9.3484967,47.5112532],[9.3457669,47.511849],[9.3503056,47.5152997],[9.3549995,47.5160861],[9.3563952,47.5195004],[9.3441238,47.5198162],[9.339438,47.524529],[9.3396113,47.5310662],[9.3376269,47.5287909],[9.3296765,47.5296437],[9.3287566,47.5283921],[9.3238266,47.5295525],[9.322687,47.5319466],[9.318491,47.5317024],[9.3153406,47.5302698],[9.3166075,47.5286922],[9.3132363,47.527894],[9.312859,47.522243],[9.3083747,47.525384],[9.3027554,47.5264284],[9.3013695,47.5241156],[9.2963023,47.5245088],[9.2953061,47.5227473],[9.2822861,47.5206844],[9.2848198,47.5185155],[9.2794727,47.5139777],[9.2793681,47.5099175],[9.2753857,47.5131558],[9.2687617,47.5116691],[9.2736076,47.5070115],[9.2832644,47.5058833],[9.2872449,47.5076107],[9.29156,47.5066644],[9.2919545,47.5081475],[9.2977276,47.5091702],[9.2993608,47.5120963],[9.3025769,47.5123433],[9.3029169,47.5149872],[9.3116673,47.5103558],[9.3166065,47.509596],[9.3150427,47.5068893],[9.310149,47.5076413],[9.3079247,47.503957],[9.3091906,47.5032822],[9.3081614,47.4986509],[9.3087353,47.4976411],[9.317247,47.5005128],[9.3199109,47.4973952],[9.3192777,47.4937994],[9.3209729,47.4908314],[9.318231,47.4899785],[9.3151352,47.486318],[9.3090376,47.4842369],[9.3038601,47.4791722],[9.2991407,47.4774888],[9.288938,47.4795068],[9.2869692,47.482075],[9.2812233,47.4830653],[9.278577,47.4795211],[9.262584,47.4745002],[9.2522601,47.4756094],[9.2511535,47.4744953],[9.2470467,47.4758303],[9.244911,47.4797992],[9.237915,47.4817564],[9.2321982,47.4810574],[9.2323141,47.4832339],[9.2250151,47.4844982],[9.2182845,47.4838123],[9.2132597,47.4803712],[9.2131888,47.4789088],[9.2097353,47.4798612],[9.2098438,47.4820022],[9.207297,47.4826042],[9.2064265,47.4861762],[9.2092863,47.4887491],[9.19877,47.4889782],[9.1967448,47.4905185],[9.193063,47.4889388],[9.1932155,47.4909459],[9.1894619,47.4927564],[9.182856,47.4913451],[9.1809939,47.4973722],[9.1775945,47.4970349],[9.1785964,47.4960777],[9.1774174,47.494847],[9.1737101,47.4945147],[9.1691694,47.4983058],[9.1719586,47.5033236],[9.1696384,47.5038633],[9.1683755,47.5014796],[9.1659736,47.5040443],[9.1607182,47.4999861],[9.1627299,47.4968805],[9.1553895,47.4876569],[9.1463337,47.4866012],[9.1420247,47.4843962],[9.1370797,47.4857868],[9.1258444,47.4840387],[9.1240464,47.4836463],[9.1241434,47.4813567],[9.1184831,47.4797256],[9.1162066,47.4797362],[9.1124542,47.4831785],[9.1129487,47.4842126],[9.110368,47.4845416],[9.0988264,47.4855474],[9.0977543,47.4838917],[9.0898588,47.4827714],[9.0843949,47.4889398],[9.0846108,47.4919112],[9.082355,47.4952392],[9.0744687,47.4923049],[9.0728221,47.4936173],[9.0650348,47.4909428],[9.063085,47.4922832],[9.0558181,47.4874132],[9.0502028,47.49135],[9.0510402,47.4919779],[9.0442147,47.4927986],[9.0420442,47.495688],[9.0402759,47.495765],[9.0410512,47.4947278],[9.0360297,47.4914376],[9.0351149,47.492193],[9.0283087,47.4886722],[9.0262623,47.4900764],[9.0202955,47.4882845],[9.017442,47.4901024],[9.0124783,47.4899751],[9.0099735,47.4848269],[9.0067612,47.484201],[9.0035809,47.4811941],[9.0087899,47.4797543],[9.0086109,47.4760324],[9.0119666,47.4753471],[9.0083221,47.4724471],[9.029486,47.4666606],[9.0283474,47.4644396],[9.0301959,47.4619663],[9.0266536,47.4601751],[9.0272279,47.4577402],[9.0503633,47.4528613],[9.0543253,47.4505763],[9.0545843,47.4485273],[9.0620592,47.4464368],[9.061408,47.4455772],[9.057045,47.4456292],[9.0588591,47.4438098],[9.0574254,47.4429615],[9.0474581,47.4442335],[9.0473762,47.442857],[9.0453849,47.4430978],[9.0450792,47.440692],[9.0441572,47.4417943],[9.0431122,47.4402702],[9.0381535,47.4414605],[9.038272,47.4372334],[9.0340059,47.4354802],[9.0363725,47.4369524],[9.0350094,47.4392514],[9.0264673,47.4372291],[9.0213267,47.4415453],[9.0189482,47.4374706],[9.0122695,47.4335784],[9.0101063,47.4352835],[8.9995064,47.4347994],[8.9998545,47.4321388],[8.9936302,47.4298724],[8.9874682,47.429708],[8.9900198,47.4292059],[8.9911573,47.4265256],[8.9902057,47.4254002],[8.9934727,47.4229308],[8.9917385,47.4214886],[8.9898173,47.4129246],[8.9870773,47.4112604],[8.9791064,47.4120799],[8.9765723,47.4106732],[8.9722709,47.4037173],[8.9751074,47.3988332],[8.9717439,47.3922231],[8.9674456,47.3904765],[8.9663466,47.3857039],[8.9578146,47.3864465],[8.9537798,47.3808946],[8.9471889,47.3792319],[8.9437718,47.376315],[8.9481365,47.374746],[8.9513145,47.3714659],[8.9531381,47.3660242],[8.9604996,47.3557395],[8.9598134,47.3543092],[8.967416,47.3542763],[8.9718042,47.3525259],[8.97441,47.3473753],[8.9736283,47.3406462],[8.9791993,47.3371512],[8.9767752,47.3293852],[8.9776211,47.3268889],[8.9849407,47.3193894],[8.9743592,47.3069329],[8.95759,47.304766],[8.9490168,47.294419],[8.9488993,47.2921721],[8.9337129,47.288308],[8.9405673,47.2843651],[8.9419621,47.2796632],[8.9456222,47.2820407],[8.9488186,47.2809429],[8.9471354,47.2749456],[8.9416556,47.272213],[8.9435862,47.2696732],[8.9429323,47.2673876],[8.9402973,47.2673499],[8.9401476,47.2653111],[8.9362698,47.262082],[8.9370636,47.2612321],[8.933281,47.2590339],[8.9295014,47.2599209],[8.9086053,47.2544149],[8.9083215,47.2562222],[8.9063314,47.2561184],[8.8734875,47.2519915],[8.8733589,47.2475745],[8.8666011,47.2439643],[8.8556278,47.2443912],[8.852701,47.2466348],[8.8520719,47.2507351],[8.8418563,47.246915],[8.8283343,47.2504621]],[[9.6048055,47.4142816],[9.5837552,47.4099458],[9.5744237,47.4056313],[9.576425,47.4041898],[9.5683435,47.4019968],[9.5641679,47.3987145],[9.5555258,47.3968725],[9.551061,47.3933879],[9.5439718,47.3950664],[9.5453531,47.398459],[9.543145,47.399967],[9.5095577,47.3946992],[9.5055994,47.390241],[9.5031016,47.384149],[9.5030345,47.3749885],[9.5048182,47.3740012],[9.4993126,47.3694637],[9.501006,47.3682025],[9.4989543,47.3636037],[9.5004829,47.3626942],[9.499595,47.3619926],[9.5010353,47.3608615],[9.5000076,47.3600589],[9.5028734,47.3511073],[9.5023078,47.3322606],[9.4983692,47.3189835],[9.4925088,47.3129045],[9.4959063,47.3067872],[9.4888633,47.3018008],[9.4903226,47.2990618],[9.4849864,47.2837518],[9.4809854,47.2816934],[9.4729388,47.2712137],[9.4520093,47.2603063],[9.4419863,47.2532845],[9.4268432,47.2474051],[9.4147975,47.2465341],[9.4027941,47.2379046],[9.3820067,47.2339966],[9.3648794,47.2433131],[9.3512709,47.2443047],[9.3430864,47.2490669],[9.3323567,47.2496077],[9.323803,47.2470218],[9.3186408,47.2478758],[9.3143911,47.2521464],[9.3082185,47.2549911],[9.3084488,47.2591265],[9.3036769,47.2595695],[9.2977915,47.2575429],[9.2931368,47.2603955],[9.2904035,47.2601907],[9.2844625,47.2653995],[9.275098,47.265745],[9.2790912,47.2666754],[9.2737679,47.270011],[9.2671617,47.2685004],[9.2573198,47.2632264],[9.2474909,47.2660802],[9.238333,47.2647526],[9.2173379,47.2706747],[9.2064757,47.2763402],[9.2082109,47.2801428],[9.2170978,47.2845078],[9.2220111,47.289088],[9.2216051,47.2911163],[9.2240907,47.2935992],[9.2172497,47.2996173],[9.2159866,47.3025133],[9.2177937,47.3078923],[9.2142714,47.3132662],[9.2132158,47.3191511],[9.2104347,47.3215236],[9.2327221,47.3308943],[9.2329167,47.3332745],[9.225164,47.3421021],[9.2220163,47.343341],[9.2137183,47.3406215],[9.2061601,47.340098],[9.2056841,47.3423043],[9.1987362,47.3477285],[9.2044033,47.3545932],[9.2073435,47.3556847],[9.20507,47.3574608],[9.196556,47.3536279],[9.1910895,47.3625476],[9.1985067,47.3615474],[9.2101624,47.3630544],[9.2130315,47.3651233],[9.2132453,47.3674702],[9.220843,47.3738096],[9.2197894,47.3767826],[9.2216569,47.3788749],[9.2187965,47.3842807],[9.2234022,47.3874835],[9.2318339,47.3877734],[9.2325735,47.3930859],[9.2312484,47.3965157],[9.2325821,47.3980197],[9.2337328,47.3960387],[9.2361637,47.3961545],[9.2524268,47.4006512],[9.25643,47.4005802],[9.2586394,47.3988305],[9.2648911,47.4011962],[9.2687398,47.3994704],[9.2718784,47.4010295],[9.2793277,47.3985369],[9.3029549,47.3952185],[9.3181343,47.3972924],[9.3271865,47.4011678],[9.3363647,47.3992533],[9.3541511,47.4033715],[9.3580843,47.4021608],[9.3712892,47.4075976],[9.3873357,47.4054716],[9.3925433,47.4010908],[9.4039567,47.4012883],[9.4106607,47.4031317],[9.4135268,47.4054905],[9.4233829,47.406472],[9.429889,47.4096136],[9.427922,47.4114758],[9.4329719,47.41397],[9.430267,47.4174694],[9.4350373,47.4208334],[9.4350857,47.4250008],[9.4327083,47.4300133],[9.4355307,47.4343426],[9.4440795,47.4340653],[9.4507683,47.4308178],[9.4696184,47.4386358],[9.4804247,47.4389623],[9.4958749,47.4425894],[9.5036013,47.4454144],[9.5084627,47.4492441],[9.5242181,47.451534],[9.5310361,47.454334],[9.5274623,47.4564785],[9.5256405,47.4613678],[9.5280691,47.4638028],[9.532489,47.4678372],[9.5424011,47.4690372],[9.5468183,47.4674971],[9.5465547,47.4628952],[9.557205,47.4648557],[9.5630416,47.4629806],[9.5796812,47.4627028],[9.5887858,47.4596535],[9.5902933,47.4577118],[9.5961828,47.4585467],[9.5993973,47.4552373],[9.6129736,47.4487828],[9.6297047,47.4443683],[9.630736,47.4416333],[9.6297387,47.4398395],[9.6178293,47.4376767],[9.6183988,47.4365581],[9.5887687,47.4255032],[9.5896881,47.4208926],[9.6048055,47.4142816]],[[9.4644643,47.4841796],[9.4657269,47.4880155],[9.4530202,47.4900181],[9.4535952,47.4915876],[9.4481643,47.4936146],[9.4503645,47.4969934],[9.4480844,47.4980224],[9.4493374,47.501362],[9.4575633,47.5072504],[9.471965,47.5017282],[9.4835464,47.4937655],[9.4644643,47.4841796]]]]}},{"type":"Feature","properties":{"code":"SH","name":"Schaffhausen"},"geometry":{"type":"MultiPolygon","coordinates":[[[[8.6646209,47.713382],[8.671362,47.7110127],[8.6778234,47.7131795],[8.68067,47.7125401],[8.6810923,47.7098472],[8.6863164,47.7085792],[8.6902281,47.7094425],[8.6905197,47.7119484],[8.7012698,47.7151988],[8.7046267,47.7134361],[8.7089079,47.7041534],[8.711759,47.7017804],[8.7113786,47.6963383],[8.7176102,47.6949415],[8.7178729,47.6906896],[8.7280231,47.6927644],[8.7266737,47.6972229],[8.7355461,47.7171576],[8.7246929,47.7201469],[8.7248278,47.7212813],[8.717654,47.7219684],[8.7113068,47.729863],[8.7145891,47.7385941],[8.7194172,47.7406413],[8.723627,47.745649],[8.7395369,47.7465181],[8.7414379,47.7481833],[8.7411365,47.7519845],[8.7289453,47.7579693],[8.7308089,47.7596079],[8.7273627,47.7622321],[8.7140709,47.7653995],[8.706994,47.7636823],[8.6954211,47.7559322],[8.6887084,47.7583598],[8.6835903,47.7705988],[8.6880098,47.7733012],[8.6834381,47.7770123],[8.6807513,47.7862138],[8.6681985,47.7876378],[8.6622989,47.7917689],[8.6573927,47.7917502],[8.6602975,47.7963318],[8.6568627,47.8004405],[8.6498718,47.7985852],[8.6457491,47.7907107],[8.645444,47.7872297],[8.6498028,47.7832998],[8.648161,47.7748628],[8.6522226,47.7740191],[8.6522621,47.7728285],[8.6453324,47.7685351],[8.6469682,47.7664678],[8.6445953,47.7644066],[8.6405687,47.7643399],[8.6316528,47.7581961],[8.6283116,47.7591872],[8.6250285,47.7638843],[8.6194299,47.7676677],[8.623085,47.7763629],[8.6188319,47.7786791],[8.6150885,47.7842731],[8.6155709,47.7865503],[8.6199274,47.7885272],[8.621851,47.7940814],[8.6178968,47.7960474],[8.6186023,47.7983227],[8.6114098,47.8019101],[8.6009469,47.8030109],[8.5928509,47.7987166],[8.5877329,47.8026637],[8.5753776,47.7996032],[8.5759014,47.8016699],[8.5732012,47.8060202],[8.568183,47.8082209],[8.563053,47.8037933],[8.5620553,47.7931633],[8.5626522,47.7919331],[8.5749449,47.7896371],[8.574404,47.7870879],[8.577318,47.7816742],[8.5628892,47.777893],[8.5625354,47.7804695],[8.55292,47.784632],[8.5324624,47.778027],[8.5264773,47.7780087],[8.5202051,47.770522],[8.5104164,47.7761592],[8.5086587,47.7742445],[8.5022927,47.7736502],[8.4953513,47.7707516],[8.4895122,47.7726821],[8.4866675,47.7719487],[8.4731316,47.7640803],[8.4659022,47.7531357],[8.4565256,47.749226],[8.4557576,47.743011],[8.4500978,47.7389646],[8.4525868,47.7314511],[8.4571091,47.7301754],[8.4547878,47.7272918],[8.4542328,47.7235293],[8.45532,47.7230793],[8.4463184,47.723238],[8.4415909,47.7210996],[8.4401875,47.7197441],[8.4418928,47.7186117],[8.4408134,47.7180299],[8.4364555,47.7182075],[8.4260735,47.7113055],[8.4161382,47.7090105],[8.404648,47.6980305],[8.406397,47.6955782],[8.4119652,47.6944187],[8.4207729,47.683882],[8.4159278,47.6800521],[8.4085051,47.6785823],[8.4055761,47.6741998],[8.4121963,47.6663416],[8.423629,47.6668727],[8.4315832,47.6623565],[8.436601,47.6573931],[8.4451024,47.653874],[8.4504063,47.6549964],[8.4582137,47.6530062],[8.4636285,47.6563275],[8.4669684,47.6562921],[8.4637097,47.6484746],[8.466957,47.641764],[8.472163,47.6385933],[8.4780582,47.6397799],[8.4711499,47.641912],[8.4777044,47.6446454],[8.4730728,47.6482903],[8.4764227,47.6501087],[8.4803684,47.6492432],[8.4827802,47.6440909],[8.4874035,47.6450761],[8.492384,47.642091],[8.493789,47.6420723],[8.4936756,47.6461597],[8.5002027,47.6461998],[8.5006591,47.6473785],[8.5136388,47.6475047],[8.5229756,47.6448516],[8.5314738,47.6457817],[8.5346599,47.6496405],[8.5293726,47.654722],[8.5268985,47.6604871],[8.533419,47.663129],[8.5344069,47.6593565],[8.5415669,47.6568807],[8.5388332,47.663362],[8.5406674,47.6653232],[8.5608473,47.6703037],[8.5627259,47.6700628],[8.5647542,47.665264],[8.5709128,47.6648674],[8.5788099,47.6618961],[8.5872686,47.6662542],[8.5933083,47.666794],[8.5979756,47.6727239],[8.6066137,47.6721473],[8.6058329,47.6694205],[8.6135934,47.6785435],[8.6186701,47.675149],[8.6262443,47.6777362],[8.6273345,47.6806235],[8.6240313,47.6897125],[8.6250903,47.6916642],[8.6429111,47.6943997],[8.6631263,47.6853033],[8.6641005,47.6872645],[8.6585973,47.6906024],[8.6683693,47.6920992],[8.6680375,47.6932153],[8.673535,47.6950763],[8.6740959,47.6975937],[8.6762987,47.6975639],[8.6735589,47.7048957],[8.6660064,47.70787],[8.6646209,47.713382]]],[[[8.5942671,47.5964398],[8.595746,47.6055872],[8.5929472,47.6061334],[8.590418,47.6017422],[8.5842585,47.5997973],[8.582577,47.5961383],[8.5751951,47.5957308],[8.5711364,47.5982008],[8.5666425,47.5971467],[8.563083,47.5994463],[8.5603394,47.5991786],[8.5560485,47.5973221],[8.5558522,47.5946272],[8.5533126,47.5932294],[8.5466571,47.592445],[8.5359531,47.5872493],[8.5369915,47.5834328],[8.5335479,47.5821584],[8.5398534,47.5776508],[8.5350184,47.5757984],[8.5461901,47.5742705],[8.5462056,47.5713115],[8.5415833,47.5699279],[8.5483133,47.5643685],[8.5511529,47.555826],[8.5551058,47.5525682],[8.5586066,47.552831],[8.5675107,47.5625579],[8.5716509,47.5739451],[8.5801089,47.5771836],[8.577102,47.5850506],[8.5789668,47.5901433],[8.5840689,47.5934842],[8.5942671,47.5964398]]],[[[8.8754283,47.6562384],[8.8758701,47.6615211],[8.8738887,47.6690803],[8.8678732,47.675897],[8.859608,47.6805229],[8.8507997,47.6811415],[8.8509018,47.6846504],[8.8563401,47.6891008],[8.8576125,47.6921602],[8.8547357,47.6945077],[8.851603,47.6944149],[8.8515279,47.6976362],[8.854815,47.6970505],[8.858066,47.6987507],[8.860613,47.6962704],[8.8632138,47.698437],[8.8662918,47.6963886],[8.8628092,47.6931952],[8.863687,47.6924936],[8.8739194,47.6941387],[8.876167,47.6967673],[8.8702755,47.7015273],[8.8729575,47.7037829],[8.8716253,47.7046322],[8.8533483,47.7047646],[8.8483433,47.7033687],[8.8457673,47.7111539],[8.8431825,47.7121548],[8.8317459,47.7137774],[8.8237583,47.710966],[8.8200147,47.7126498],[8.8189434,47.7132986],[8.8262544,47.7178646],[8.8189701,47.7177225],[8.8127067,47.7237652],[8.804811,47.7245174],[8.81218,47.7304228],[8.8085466,47.7312108],[8.8066759,47.7382776],[8.7972069,47.7346719],[8.7991319,47.7278322],[8.7920912,47.7287342],[8.7865918,47.7263443],[8.7848232,47.7273563],[8.7807828,47.7216681],[8.7763198,47.7227285],[8.7771137,47.721136],[8.7748492,47.7191655],[8.7701259,47.7191166],[8.7703112,47.7150305],[8.772111,47.7136763],[8.7693763,47.7068542],[8.7919487,47.7049166],[8.7975955,47.7028486],[8.7976024,47.6972085],[8.8063362,47.6965117],[8.809659,47.6936835],[8.8061607,47.6915876],[8.8001075,47.6918497],[8.7973623,47.6886858],[8.7937362,47.680619],[8.7960578,47.6753367],[8.8035826,47.678355],[8.8089381,47.6768424],[8.8168889,47.6778064],[8.8310825,47.6742488],[8.8385747,47.6700658],[8.8418087,47.6643208],[8.8539256,47.661053],[8.8486683,47.6549404],[8.8468073,47.6546234],[8.8477066,47.6538976],[8.8462658,47.6522661],[8.8493792,47.6510084],[8.8579452,47.6500815],[8.8611355,47.654263],[8.8653047,47.6561036],[8.8724454,47.6539475],[8.8754007,47.6549487],[8.8754283,47.6562384]]]]}},{"type":"Feature","properties":{"code":"SO","name":"Solothurn"},"geometry":{"type":"MultiPolygon","coordinates":[[[[7.7007985,47.1617746],[7.6944958,47.1619731],[7.691555,47.1645877],[7.6878955,47.1652523],[7.6889424,47.1663295],[7.6858352,47.1663788],[7.6815697,47.1626212],[7.6787118,47.1622804],[7.6744234,47.1539707],[7.6901531,47.1525567],[7.6937801,47.1581268],[7.6955386,47.1575494],[7.7007985,47.1617746]]],[[[7.4548118,47.4492306],[7.4681396,47.4539075],[7.4923567,47.4589723],[7.509828,47.4586675],[7.5174535,47.4610206],[7.5306791,47.4611886],[7.5274454,47.4739062],[7.5297625,47.4779984],[7.5331205,47.4782905],[7.536261,47.4838412],[7.5362312,47.4910527],[7.5326039,47.490969],[7.5317892,47.4973989],[7.5152422,47.4977371],[7.5123219,47.4988687],[7.5116652,47.5026958],[7.5088401,47.5024019],[7.5107137,47.4978314],[7.5018621,47.4937926],[7.5024548,47.4907737],[7.4934649,47.4880776],[7.4876208,47.4821348],[7.475796,47.4801027],[7.4707584,47.480734],[7.4623896,47.4890576],[7.4569768,47.4885591],[7.4349796,47.4981098],[7.4331417,47.4971791],[7.4208174,47.4803852],[7.4294031,47.4829547],[7.4436106,47.4785144],[7.448402,47.4737872],[7.4501727,47.4753302],[7.4557367,47.4733767],[7.4558481,47.4709227],[7.445214,47.4623781],[7.4471702,47.4569581],[7.4548118,47.4492306]]],[[[7.4474911,47.4144842],[7.4555765,47.4279232],[7.4484043,47.4377253],[7.438654,47.444241],[7.4378427,47.4463232],[7.4254226,47.4432839],[7.4209041,47.4459442],[7.4036607,47.4387465],[7.403093,47.4354815],[7.3943444,47.4351906],[7.3863009,47.432354],[7.3821514,47.4330266],[7.3827514,47.429699],[7.379639,47.4276288],[7.3789836,47.4212606],[7.3759458,47.4141002],[7.4137082,47.4109293],[7.4207436,47.4110988],[7.4284675,47.4143545],[7.4372834,47.4128625],[7.4474911,47.4144842]]],[[[7.5480641,47.3141986],[7.5469398,47.3060819],[7.5390687,47.3019794],[7.5388224,47.2977988],[7.5322942,47.2943625],[7.5208988,47.2939757],[7.5052379,47.2907998],[7.4853399,47.2842593],[7.4758693,47.276313],[7.4681477,47.2659353],[7.4647081,47.2645173],[7.4410011,47.2629161],[7.4277276,47.2564465],[7.4181599,47.2538665],[7.4161809,47.2505932],[7.4181455,47.2453772],[7.4208731,47.2428911],[7.4154818,47.2402115],[7.4098423,47.2398612],[7.3980836,47.2334832],[7.3744927,47.2268496],[7.3622333,47.2196077],[7.3555973,47.2209623],[7.3404127,47.2175697],[7.3419639,47.2123969],[7.3448221,47.2072111],[7.3468299,47.2072194],[7.3544799,47.1915316],[7.3654609,47.1944525],[7.368195,47.1907646],[7.3751403,47.1885685],[7.3797297,47.1851838],[7.3835137,47.1803011],[7.391911,47.1662739],[7.3821749,47.1651186],[7.3824385,47.1616376],[7.3846262,47.1600348],[7.3931291,47.1603553],[7.400937,47.162848],[7.4118135,47.1624212],[7.4159506,47.1653769],[7.4183948,47.1711538],[7.4280297,47.173537],[7.4315843,47.1760513],[7.4309105,47.182451],[7.4332849,47.1847269],[7.4374277,47.1850328],[7.4418209,47.1792312],[7.4487605,47.1819023],[7.449935,47.18398],[7.4488131,47.1893922],[7.4757226,47.1906485],[7.4765815,47.188091],[7.4726063,47.1855461],[7.4751937,47.1830216],[7.4708635,47.1814131],[7.4743285,47.1801233],[7.4769468,47.1778731],[7.476262,47.1769029],[7.4781394,47.177451],[7.4804964,47.171738],[7.4864114,47.1735989],[7.4970383,47.1700873],[7.4901922,47.1657643],[7.4922543,47.1639769],[7.490486,47.1618151],[7.4820528,47.1581648],[7.4786239,47.1544539],[7.4718062,47.1523184],[7.4667199,47.1515775],[7.4546231,47.1563313],[7.447783,47.1550805],[7.4399504,47.1504963],[7.4411316,47.146205],[7.439613,47.1439888],[7.42663,47.1410991],[7.4266785,47.1384713],[7.4217922,47.1358605],[7.4264596,47.1313407],[7.4308924,47.1308481],[7.4312159,47.1290907],[7.4354029,47.1312749],[7.4363486,47.1295587],[7.4352115,47.1275058],[7.4328552,47.127588],[7.4332593,47.1261735],[7.4401788,47.1237276],[7.4373704,47.1227217],[7.4296943,47.1244348],[7.4247066,47.1220097],[7.4146293,47.1214381],[7.4037482,47.117676],[7.3949938,47.1216956],[7.3899707,47.1195181],[7.3867427,47.1258974],[7.3836759,47.1233293],[7.3808474,47.1227301],[7.3789246,47.1240936],[7.3740052,47.1218159],[7.3714047,47.1225375],[7.3704914,47.1209312],[7.3719696,47.1173415],[7.3697041,47.1159539],[7.3792353,47.1062059],[7.3825099,47.0981094],[7.3820271,47.0957398],[7.3894456,47.0951328],[7.390052,47.0922963],[7.4088151,47.0947959],[7.419379,47.099291],[7.4232609,47.0974598],[7.4340002,47.1005003],[7.437188,47.0940846],[7.4350411,47.0936546],[7.4357506,47.0919095],[7.4336671,47.0913396],[7.4345209,47.0897225],[7.4328783,47.0879769],[7.4354156,47.0801664],[7.4404236,47.0747427],[7.4539949,47.075974],[7.454461,47.074927],[7.4590488,47.0780502],[7.4674738,47.0790754],[7.4749313,47.086371],[7.4642373,47.0990465],[7.4652891,47.099324],[7.4618084,47.1034038],[7.4627973,47.1036708],[7.4613252,47.1082327],[7.4922387,47.1170568],[7.4986306,47.1214414],[7.5097234,47.1255457],[7.5137217,47.1299111],[7.5137037,47.1331815],[7.5159306,47.1369055],[7.5226497,47.1422954],[7.5233685,47.1457469],[7.5297508,47.1487369],[7.5289406,47.1512496],[7.5243081,47.1535941],[7.5203336,47.1588879],[7.5260422,47.1610568],[7.5257686,47.162205],[7.5345021,47.1641726],[7.5352305,47.162464],[7.5404913,47.1635566],[7.5463183,47.1607294],[7.5577334,47.1677138],[7.5634674,47.1683541],[7.5673218,47.1631872],[7.5692546,47.1624718],[7.5749088,47.1644481],[7.5807255,47.1603574],[7.5818991,47.1589035],[7.5811009,47.1555943],[7.583514,47.1549113],[7.5861404,47.1475453],[7.5883536,47.1508857],[7.5924402,47.1526756],[7.5978928,47.151604],[7.6078494,47.1528491],[7.6143306,47.1544435],[7.6155032,47.1563423],[7.6245829,47.1524568],[7.6314064,47.1538373],[7.6355992,47.1520956],[7.639956,47.1535582],[7.6450056,47.1489836],[7.6525551,47.1514493],[7.6507461,47.1573506],[7.6535408,47.1607746],[7.6517899,47.1615997],[7.6600808,47.1684026],[7.6727098,47.1683941],[7.6775208,47.1817992],[7.6744219,47.184225],[7.6711981,47.1844366],[7.6746292,47.190899],[7.6712909,47.1929998],[7.6717518,47.1943357],[7.6665785,47.1957978],[7.6658133,47.1980294],[7.66274,47.1986551],[7.6623299,47.2009599],[7.6472258,47.2017823],[7.6512213,47.2067032],[7.6460548,47.2147095],[7.648418,47.2188577],[7.6410443,47.2211307],[7.6391775,47.2233853],[7.6439455,47.2254457],[7.6405558,47.2297944],[7.6352828,47.2272327],[7.6340083,47.2286345],[7.6308902,47.2266932],[7.6295132,47.2282683],[7.6261802,47.2263143],[7.6235138,47.2293614],[7.6197331,47.2289974],[7.6139651,47.2365002],[7.6094008,47.2392612],[7.6063844,47.2390499],[7.6048932,47.2420662],[7.5959384,47.245569],[7.5977233,47.2541331],[7.5941011,47.2654335],[7.586923,47.2697004],[7.5801066,47.2763483],[7.6142037,47.2811515],[7.6489559,47.2821448],[7.6687842,47.288779],[7.6709753,47.2875706],[7.6771779,47.2891121],[7.6847748,47.2939942],[7.6901487,47.2898813],[7.700856,47.286548],[7.7055698,47.2804639],[7.7065484,47.281368],[7.7083379,47.2799233],[7.710463,47.2763759],[7.709578,47.2756],[7.71234,47.27377],[7.7156206,47.2764038],[7.7187922,47.2741546],[7.7251423,47.2693133],[7.7250496,47.2660087],[7.7322929,47.2594432],[7.7387327,47.2596804],[7.7446614,47.2570231],[7.7492873,47.2587627],[7.7560181,47.2582345],[7.7587946,47.2592217],[7.7648354,47.2666866],[7.7746009,47.267869],[7.775806,47.2614387],[7.7857216,47.2564021],[7.802148,47.2682742],[7.8054851,47.2676919],[7.807041,47.2632541],[7.8161112,47.2614796],[7.8331751,47.2678756],[7.8418057,47.2744707],[7.8447846,47.2820154],[7.8528654,47.2914912],[7.8609202,47.3059828],[7.873398,47.3116673],[7.8891052,47.3114896],[7.8917565,47.3157439],[7.8979102,47.3196295],[7.8961386,47.3236134],[7.8968563,47.3276597],[7.9077479,47.3393137],[7.9078129,47.3417207],[7.9192163,47.3339523],[7.9471258,47.3323363],[7.948826,47.3295733],[7.9470892,47.3222485],[7.9479779,47.3171443],[7.9765116,47.3234446],[7.9760879,47.3246747],[7.9823476,47.3276746],[7.9874152,47.3286639],[7.9909535,47.3328109],[8.0051906,47.3367516],[8.0073558,47.339304],[8.0038366,47.3453146],[8.0118255,47.3498165],[8.0128298,47.3543311],[8.0104826,47.3569519],[8.0191184,47.3635832],[8.024053,47.3652454],[8.0271971,47.3697179],[8.0313109,47.3834427],[8.0265705,47.3956238],[8.0203287,47.3958068],[8.0199685,47.3939889],[8.0104558,47.3951317],[8.008267,47.4048406],[8.0033807,47.4086227],[7.9914657,47.4111977],[7.9894713,47.4141493],[7.9822706,47.4135573],[7.9742188,47.4194648],[7.9631993,47.4223547],[7.9827035,47.4283325],[7.983843,47.4283108],[7.984237,47.4228923],[7.9854653,47.4227641],[7.9872707,47.4287435],[7.9836297,47.438201],[7.9837701,47.4432198],[7.9809969,47.4484803],[7.9748783,47.4520017],[7.9765511,47.4538363],[7.9750495,47.4585605],[7.9671552,47.462318],[7.961235,47.4583241],[7.9597702,47.45504],[7.9571349,47.4552441],[7.9578491,47.4512794],[7.9500807,47.4457435],[7.9475235,47.4455559],[7.9467846,47.4431934],[7.9519393,47.432784],[7.9500321,47.4317164],[7.961679,47.4219999],[7.9568104,47.419844],[7.9542591,47.4172932],[7.9555949,47.4167886],[7.9550377,47.4156057],[7.949308,47.4163067],[7.9369558,47.4129084],[7.9349279,47.411767],[7.9367225,47.4080575],[7.9326616,47.405275],[7.9097377,47.398521],[7.903836,47.402465],[7.9008303,47.4007446],[7.8902216,47.4071411],[7.883332,47.4060973],[7.8834431,47.401205],[7.8777028,47.4012571],[7.8752778,47.3975949],[7.8691367,47.3955143],[7.8719455,47.3912466],[7.8794348,47.3879936],[7.8788122,47.3835105],[7.876101,47.3844741],[7.8691698,47.3815025],[7.8620496,47.3818385],[7.8401191,47.3747633],[7.8305473,47.3651215],[7.8021665,47.3610959],[7.7963662,47.3534706],[7.7935017,47.3395914],[7.7852881,47.3378823],[7.7829744,47.3393151],[7.7689632,47.3389141],[7.7692243,47.3414494],[7.7664192,47.3427347],[7.751519,47.3443275],[7.74282,47.3497075],[7.7341532,47.3577608],[7.7279138,47.3688589],[7.7011617,47.3723777],[7.6445386,47.3672438],[7.6410397,47.3782861],[7.6417611,47.3804694],[7.6363369,47.3806097],[7.633317,47.382914],[7.6329022,47.3846444],[7.6372512,47.3860686],[7.6327228,47.4100311],[7.6640548,47.41002],[7.6798021,47.417514],[7.686579,47.4336641],[7.6829725,47.4387223],[7.6850049,47.4475751],[7.6919655,47.4539855],[7.6986255,47.4556869],[7.6998428,47.4617559],[7.7090136,47.4696059],[7.705386,47.47585],[7.699761,47.4806325],[7.6769802,47.485043],[7.6717243,47.4845234],[7.6667159,47.4885925],[7.6654195,47.4914907],[7.6661631,47.4959572],[7.6533714,47.4960775],[7.6486463,47.4918301],[7.6545921,47.49047],[7.650573,47.4883635],[7.6559259,47.4873946],[7.647281,47.4848076],[7.6444227,47.4856378],[7.640966,47.4827341],[7.6272013,47.4848959],[7.6149374,47.4892407],[7.6074213,47.4893884],[7.6087681,47.4831431],[7.6057088,47.4788473],[7.6061955,47.4755605],[7.608149,47.4752137],[7.6045243,47.4705364],[7.6184224,47.4675267],[7.6260723,47.4629139],[7.6221734,47.4619523],[7.6226016,47.4571445],[7.6164646,47.4452346],[7.6158277,47.4333471],[7.6021563,47.4312465],[7.5920692,47.4327118],[7.5849068,47.4286237],[7.5812069,47.4287807],[7.57765,47.4324388],[7.5784233,47.4349067],[7.5756138,47.4367474],[7.5689638,47.4368859],[7.5685575,47.4220998],[7.5711143,47.4196469],[7.5789109,47.4172123],[7.5802104,47.4152216],[7.5660724,47.4134092],[7.5430785,47.4140329],[7.5261356,47.4118519],[7.5311724,47.4035251],[7.5213659,47.3912021],[7.5190114,47.388675],[7.5116722,47.3894696],[7.50081,47.3845909],[7.4923275,47.3852318],[7.4850837,47.3872937],[7.4847773,47.3888877],[7.4792364,47.3897076],[7.4767973,47.3959879],[7.4773616,47.400297],[7.4649222,47.4024925],[7.46203,47.4007659],[7.4577663,47.4012177],[7.454759,47.4041309],[7.4500208,47.4039274],[7.4507839,47.4017024],[7.4495133,47.3997583],[7.4454244,47.4003446],[7.4440531,47.4021682],[7.4413114,47.4001789],[7.4432038,47.3961502],[7.4431564,47.3898555],[7.4390368,47.3860118],[7.436132,47.3781131],[7.440178,47.3802788],[7.4528355,47.374575],[7.4548266,47.3722214],[7.4632804,47.3703039],[7.4790492,47.3713525],[7.4873824,47.3696913],[7.4999206,47.3719819],[7.5232131,47.3720258],[7.5244554,47.3704977],[7.5220895,47.3667026],[7.5226329,47.3646967],[7.5330006,47.3622372],[7.5344139,47.3597487],[7.5397153,47.359628],[7.5414545,47.3557382],[7.5368701,47.3501924],[7.5386804,47.347949],[7.5521512,47.3453153],[7.556477,47.3438546],[7.5566421,47.342089],[7.5598007,47.3426626],[7.5721467,47.3289504],[7.569286,47.3248012],[7.5625361,47.3218476],[7.5583459,47.3223652],[7.5483333,47.3163566],[7.5480641,47.3141986]]]]}},{"type":"Feature","properties":{"code":"SZ","name":"Schwyz"},"geometry":{"type":"Polygon","coordinates":[[[8.816336,47.2144173],[8.8086085,47.2200872],[8.7933525,47.2225672],[8.7405292,47.2115769],[8.7131089,47.2030355],[8.7103531,47.2009627],[8.7040423,47.2023023],[8.7018404,47.1977896],[8.6946339,47.1964848],[8.6855573,47.186545],[8.6810636,47.1840723],[8.6804323,47.178684],[8.682952,47.1737361],[8.6906772,47.1693927],[8.6921846,47.1634481],[8.6951804,47.1631583],[8.6991986,47.1550115],[8.6989431,47.152485],[8.7008589,47.1513971],[8.6907315,47.1478725],[8.6850912,47.1420786],[8.6845806,47.1387585],[8.6875251,47.137145],[8.6872231,47.1352794],[8.6853897,47.13432],[8.6845659,47.1324911],[8.6860413,47.1312669],[8.6823989,47.125967],[8.6707237,47.1191227],[8.6714114,47.1161449],[8.6598022,47.1146795],[8.6597737,47.1109216],[8.6537711,47.1078582],[8.645478,47.0996286],[8.6449107,47.0958604],[8.6413436,47.0943868],[8.6372427,47.0933307],[8.6086995,47.0944522],[8.6078212,47.0927263],[8.6031982,47.0911725],[8.5937801,47.0906218],[8.5901,47.086405],[8.5656651,47.0810323],[8.5624977,47.0829027],[8.5648741,47.0872639],[8.5635952,47.0919528],[8.5615341,47.0936614],[8.5450842,47.0943973],[8.540499,47.0922498],[8.5254632,47.0915896],[8.5219347,47.0898614],[8.4762604,47.1061387],[8.4753429,47.1113683],[8.4736566,47.1122092],[8.4648405,47.1110106],[8.4499974,47.1144263],[8.4486142,47.1113686],[8.4419116,47.1114256],[8.4379236,47.1095561],[8.43773,47.1067133],[8.4225939,47.1029871],[8.4100135,47.0935014],[8.410578,47.0856984],[8.4070822,47.0795488],[8.389149,47.0706787],[8.3905144,47.0613294],[8.399231,47.0594509],[8.4313967,47.0655125],[8.4413774,47.0630894],[8.4459843,47.060349],[8.4444713,47.0592567],[8.4459153,47.0582659],[8.4648687,47.0484211],[8.4699319,47.0474805],[8.5006102,47.024686],[8.5080966,47.0241271],[8.5134969,47.0216876],[8.5134948,47.0128812],[8.5109551,47.0062582],[8.5007724,47.0009077],[8.4831242,46.9967496],[8.4736038,46.9955475],[8.4681671,46.9965235],[8.4652268,46.9842716],[8.4966213,46.9764297],[8.5195541,46.9797622],[8.5426889,46.9795937],[8.5824165,46.9934091],[8.5971389,46.9902116],[8.6031397,46.9868403],[8.604133,46.9823321],[8.6011795,46.9752372],[8.6035055,46.9685564],[8.604394,46.9519675],[8.6223952,46.9527331],[8.627338,46.9498286],[8.6451387,46.9490168],[8.669569,46.9440736],[8.692563,46.94707],[8.6968978,46.9421917],[8.6998009,46.9348062],[8.6965319,46.928802],[8.6985433,46.9246353],[8.7088154,46.9171401],[8.7176698,46.9184913],[8.7258078,46.9260368],[8.7358204,46.9302542],[8.737121,46.9321677],[8.7442762,46.9326355],[8.7459656,46.9353491],[8.7491264,46.9336703],[8.7709288,46.9415009],[8.7744815,46.9396796],[8.778477,46.9328343],[8.7877492,46.930354],[8.791967,46.9307794],[8.7973639,46.9362815],[8.8107042,46.9414524],[8.8141921,46.9386252],[8.8267728,46.9357121],[8.8300799,46.9304628],[8.828442,46.9250264],[8.8297841,46.9240629],[8.8275048,46.922412],[8.8277877,46.9193443],[8.8361242,46.9076776],[8.8488118,46.9127695],[8.8478429,46.8909935],[8.8531815,46.8854035],[8.8614487,46.8916349],[8.8612781,46.8945059],[8.8744311,46.8949743],[8.8869761,46.9023546],[8.8951847,46.9029234],[8.9029662,46.9082291],[8.907458,46.907475],[8.9072911,46.9086998],[8.9123192,46.911124],[8.9149581,46.91108],[8.9403334,46.9223752],[8.9427568,46.922047],[8.9491892,46.9254042],[8.9629365,46.9265698],[8.9640038,46.9290159],[8.9574911,46.9335388],[8.9567789,46.9345846],[8.9584237,46.934523],[8.9553277,46.9389208],[8.9614122,46.9478705],[8.9623929,46.9537711],[8.9716405,46.9598614],[8.9574345,46.9622129],[8.9499824,46.9670189],[8.9497516,46.9690073],[8.9457011,46.9671593],[8.9322515,46.9823037],[8.9404074,46.9844706],[8.941528,46.9875207],[8.9380258,46.9867487],[8.9322457,46.9910809],[8.9280726,46.9977595],[8.92209,47.0013178],[8.9188755,47.0015543],[8.9158065,47.0071042],[8.9116289,47.0087672],[8.9107329,47.0167291],[8.9004733,47.0208526],[8.8949467,47.020898],[8.8931838,47.0229468],[8.8953576,47.0253377],[8.9036071,47.0272615],[8.9005113,47.0357546],[8.9031362,47.0385395],[8.9146246,47.0399248],[8.9172766,47.0383041],[8.9219965,47.0382951],[8.9365062,47.0436123],[8.9409129,47.0476171],[8.9476876,47.0492328],[8.9509709,47.0606438],[8.9611122,47.0706347],[8.9613989,47.075706],[8.9667295,47.0800747],[8.9664191,47.0814153],[8.9756805,47.0853794],[8.9538664,47.0914868],[8.9541421,47.0942606],[8.9594146,47.0997004],[8.9711624,47.1047157],[8.9692933,47.1084741],[8.9736844,47.1150994],[8.9718909,47.1181168],[8.9652887,47.1214823],[8.9692589,47.1305064],[8.9693676,47.1345046],[8.9673854,47.1366351],[8.9737773,47.1403677],[8.9744238,47.1431805],[8.9916219,47.1621668],[9.0047149,47.1732618],[8.9963427,47.1765244],[8.9975864,47.1778545],[8.9940015,47.1795489],[8.9824133,47.1830169],[8.9739579,47.1822885],[8.9704719,47.1788745],[8.9621344,47.1793798],[8.957481,47.199442],[8.9653289,47.198162],[8.9690628,47.2109554],[8.9742922,47.212803],[8.9687098,47.2174142],[8.9558215,47.2162724],[8.941406,47.2181383],[8.8427223,47.2081689],[8.8287046,47.2097152],[8.816336,47.2144173]]]}},{"type":"Feature","properties":{"code":"TG","name":"Thurgau"},"geometry":{"type":"MultiPolygon","coordinates":[[[[9.4762667,47.4893401],[9.4835464,47.4937655],[9.471965,47.5017282],[9.4575633,47.5072504],[9.4484675,47.500738],[9.4493534,47.4996201],[9.4481669,47.4981263],[9.4503645,47.4969934],[9.4481643,47.4936146],[9.449424,47.4921995],[9.4657269,47.4880155],[9.4644334,47.4842106],[9.4762667,47.4893401]]],[[[9.2030414,47.6553293],[9.1871024,47.657451],[9.1762047,47.654095],[9.173974,47.6554736],[9.1706381,47.6548513],[9.1578392,47.6657631],[9.150355,47.6676923],[9.1388906,47.6642245],[9.1180757,47.6686757],[9.1057053,47.6754911],[9.0946466,47.6793342],[9.0760642,47.6786028],[9.0265024,47.6867594],[9.0166533,47.6858747],[8.9950106,47.6768482],[8.9805749,47.673658],[8.9747786,47.6689458],[8.945784,47.6593899],[8.9412671,47.6562066],[8.9270568,47.6552383],[8.897751,47.6481573],[8.8921532,47.6489632],[8.8818616,47.654465],[8.8724454,47.6539475],[8.8653047,47.6561036],[8.8608142,47.654041],[8.8579452,47.6500815],[8.8494666,47.6511189],[8.8456415,47.6530617],[8.8545607,47.6606775],[8.8413351,47.6645522],[8.8385747,47.6700658],[8.8310825,47.6742488],[8.8162549,47.6778793],[8.8083751,47.6769049],[8.8035826,47.678355],[8.7968154,47.6754789],[8.7890628,47.6753698],[8.774914,47.680621],[8.7658682,47.6864925],[8.7509126,47.6908136],[8.7264812,47.692778],[8.7090635,47.6894518],[8.6904525,47.6954269],[8.6776251,47.6872359],[8.6694179,47.6848935],[8.6681463,47.6776317],[8.6692548,47.6747912],[8.6767831,47.6718708],[8.6790694,47.6675105],[8.6774692,47.6658413],[8.6776838,47.6625816],[8.6880228,47.6500307],[8.7003604,47.6470289],[8.7091116,47.6421251],[8.7141789,47.644383],[8.7196814,47.6411039],[8.7263133,47.6428659],[8.7349164,47.6411762],[8.7431061,47.6428681],[8.7433586,47.6397712],[8.7462786,47.6390339],[8.752111,47.6423944],[8.7572658,47.6429889],[8.7597547,47.6459322],[8.7681169,47.6499836],[8.7761805,47.6488479],[8.7820519,47.6522334],[8.7853981,47.6551161],[8.7885306,47.6653644],[8.8046997,47.6649014],[8.8035967,47.6610836],[8.804938,47.6604031],[8.8048642,47.6522324],[8.8261772,47.6469538],[8.8273911,47.6390613],[8.8252776,47.6375078],[8.8237419,47.6344205],[8.8246741,47.6338934],[8.8202266,47.6293],[8.8178149,47.6298691],[8.8175915,47.6282523],[8.814053,47.6271933],[8.8116988,47.6226487],[8.8143116,47.6216647],[8.8115432,47.618976],[8.8133931,47.6171461],[8.8050378,47.6137341],[8.801414,47.6014062],[8.7887801,47.6034405],[8.7897965,47.6094092],[8.7616161,47.6181326],[8.7551511,47.6170752],[8.7481175,47.6230444],[8.7460741,47.6214367],[8.7458047,47.6129489],[8.7407132,47.6118258],[8.7396538,47.6085128],[8.7419616,47.6073434],[8.7437305,47.6025823],[8.7487746,47.6000439],[8.7457817,47.5966841],[8.7482189,47.5923105],[8.7658888,47.5924575],[8.8060382,47.5831495],[8.8024934,47.5828547],[8.8010602,47.5805408],[8.8061999,47.5795067],[8.8047615,47.5750486],[8.8081082,47.5743253],[8.8074324,47.5715711],[8.8165856,47.5701717],[8.8172873,47.5719299],[8.81966,47.5713846],[8.8224829,47.5730633],[8.8300124,47.5711031],[8.8312225,47.5733985],[8.8388035,47.5711971],[8.8392622,47.5661794],[8.8448477,47.5661365],[8.8442965,47.5632515],[8.8509194,47.5636441],[8.8511236,47.5608699],[8.8416889,47.5600337],[8.8386703,47.5573549],[8.829451,47.5576006],[8.8296618,47.556245],[8.8279787,47.5559522],[8.8344084,47.5428855],[8.8399326,47.5393349],[8.8393647,47.5372242],[8.840693,47.5373805],[8.8423936,47.5322762],[8.8700046,47.5302474],[8.880396,47.5270307],[8.8827295,47.5291416],[8.8958457,47.5259116],[8.8977629,47.5240124],[8.8952987,47.5192508],[8.8970938,47.5176869],[8.8970849,47.5050736],[8.8927229,47.5001094],[8.8925775,47.4975182],[8.8928147,47.4884151],[8.8959685,47.4882514],[8.8976595,47.4857659],[8.8860657,47.4819874],[8.8848977,47.4773536],[8.8818356,47.4749445],[8.8845427,47.4737294],[8.8835914,47.4701676],[8.890596,47.4692664],[8.891807,47.465865],[8.8936248,47.4652333],[8.8918445,47.4645662],[8.8954384,47.4629041],[8.8955817,47.460034],[8.9003546,47.454597],[8.9073912,47.4501485],[8.9085772,47.447431],[8.9029161,47.4437585],[8.9068257,47.438788],[8.9117,47.4365448],[8.9224535,47.4348748],[8.9327268,47.4355414],[8.9330979,47.4342278],[8.9300428,47.4315876],[8.9208091,47.4330321],[8.9142863,47.4317894],[8.9110723,47.4337638],[8.9079994,47.4315586],[8.90862,47.4295962],[8.9144064,47.4277693],[8.911161,47.4235715],[8.9138888,47.4185737],[8.9127819,47.4131708],[8.9038074,47.4025389],[8.9211586,47.3991679],[8.9316222,47.3917274],[8.9410878,47.3874474],[8.9436477,47.3842335],[8.9401447,47.3798654],[8.942942,47.376628],[8.9545943,47.3814404],[8.9574396,47.3864331],[8.9659221,47.3853216],[8.9680456,47.391276],[8.9714795,47.3912881],[8.9756919,47.3993349],[8.9723041,47.4040072],[8.9765723,47.4106732],[8.9810036,47.4120948],[8.9884539,47.4112113],[8.9904293,47.4138382],[8.9892799,47.4142418],[8.9917385,47.4214886],[8.9935004,47.4224822],[8.9894475,47.4249681],[8.9911573,47.4265256],[8.9898405,47.4289375],[8.9878033,47.4292286],[8.9889962,47.42993],[8.9942766,47.4298368],[8.9991355,47.4318399],[8.9996859,47.4346981],[9.0101063,47.4352835],[9.0122695,47.4335784],[9.0184891,47.4367682],[9.0221498,47.4416775],[9.0271904,47.4373191],[9.0316051,47.4376262],[9.0332005,47.439801],[9.0368117,47.4375581],[9.0340423,47.4360046],[9.0351967,47.4357824],[9.0383127,47.4371253],[9.0380946,47.4414518],[9.0426749,47.4401434],[9.045248,47.4417084],[9.0450792,47.440692],[9.0462637,47.4416589],[9.0452841,47.4427766],[9.0474817,47.4439685],[9.0530133,47.4425594],[9.0518517,47.4440682],[9.0589634,47.4431793],[9.0573479,47.4454071],[9.0625622,47.4462408],[9.054513,47.4486284],[9.0543253,47.4505763],[9.0508803,47.4525769],[9.0278168,47.4574973],[9.0264127,47.4601448],[9.0307268,47.4617914],[9.0284313,47.463997],[9.0289215,47.4661503],[9.0090935,47.4719593],[9.0086604,47.4730503],[9.0119666,47.4753471],[9.00873,47.4757936],[9.0087899,47.4797543],[9.0036577,47.4809489],[9.0107842,47.4854661],[9.0102094,47.487746],[9.0121867,47.4895462],[9.017442,47.4901024],[9.0200608,47.488297],[9.0262623,47.4900764],[9.0283087,47.4886722],[9.0301712,47.4904129],[9.0360297,47.4914376],[9.0420862,47.4957928],[9.0442147,47.4927986],[9.0504554,47.4920132],[9.0556461,47.4875626],[9.0589607,47.4881691],[9.0593366,47.4905632],[9.0623916,47.4923504],[9.0650348,47.4909428],[9.0728221,47.4936173],[9.0744687,47.4923049],[9.082355,47.4952392],[9.0846142,47.4920716],[9.084278,47.4894189],[9.0898588,47.4827714],[9.0977543,47.4838917],[9.0988264,47.4855474],[9.106419,47.4847637],[9.1120921,47.4841595],[9.1161164,47.4801088],[9.1184831,47.4797256],[9.1316609,47.4854809],[9.1420247,47.4843962],[9.1484881,47.4871301],[9.1553895,47.4876569],[9.1582945,47.4895167],[9.1622177,47.4960898],[9.1607182,47.4999861],[9.1674717,47.5035453],[9.1680111,47.5012771],[9.168947,47.5032208],[9.1719586,47.5033236],[9.1692519,47.4983771],[9.1736159,47.4949318],[9.1774174,47.494847],[9.1785964,47.4960777],[9.1775409,47.4970347],[9.1810829,47.4965275],[9.182856,47.4913451],[9.1887775,47.4931076],[9.1933709,47.4912201],[9.1922769,47.4895533],[9.1967448,47.4905185],[9.19877,47.4889782],[9.2094536,47.4892501],[9.2065159,47.4868206],[9.2078813,47.4833594],[9.2068887,47.4828974],[9.2098438,47.4820022],[9.2089576,47.4801744],[9.2127117,47.4790297],[9.2182845,47.4838123],[9.2247012,47.4845577],[9.2313835,47.4835123],[9.2321982,47.4810574],[9.237915,47.4817564],[9.2445998,47.4802837],[9.2470467,47.4758303],[9.2510649,47.4745278],[9.2522601,47.4756094],[9.2635322,47.4746689],[9.27837,47.4793962],[9.2811714,47.4830699],[9.2869082,47.4822229],[9.2877926,47.4799437],[9.2986449,47.4772327],[9.3043321,47.479442],[9.3092142,47.4840584],[9.3209729,47.4908314],[9.3192777,47.4937994],[9.3200558,47.4968389],[9.3176512,47.5002363],[9.314707,47.5006759],[9.3081249,47.4982298],[9.3092278,47.5006916],[9.3080622,47.5047863],[9.310149,47.5076413],[9.3150427,47.5068893],[9.3166065,47.509596],[9.3116673,47.5103558],[9.3033517,47.5156622],[9.3019243,47.5141207],[9.3032767,47.5135957],[9.3025769,47.5123433],[9.2993608,47.5120963],[9.2977276,47.5091702],[9.2810026,47.5056901],[9.2720054,47.5078943],[9.2687617,47.5116691],[9.2749114,47.5128786],[9.280356,47.510081],[9.2799805,47.5134689],[9.2826656,47.5146506],[9.2848198,47.5185155],[9.282516,47.5204876],[9.2953061,47.5227473],[9.2963023,47.5245088],[9.3013695,47.5241156],[9.303891,47.5263012],[9.3075599,47.5257148],[9.3127635,47.5221229],[9.3132363,47.527894],[9.3166075,47.5286922],[9.3159997,47.5297531],[9.318491,47.5317024],[9.3223076,47.5317497],[9.3238266,47.5295525],[9.3287566,47.5283921],[9.3380905,47.528867],[9.3390284,47.5307012],[9.3393248,47.5252089],[9.3444895,47.5198074],[9.3563035,47.5196913],[9.3558349,47.5163681],[9.3499603,47.5148533],[9.3457669,47.511849],[9.3484967,47.5112532],[9.3461618,47.5080217],[9.3382678,47.5062448],[9.3369147,47.5012833],[9.3412891,47.5036258],[9.3559026,47.5008718],[9.3560896,47.5034155],[9.3736309,47.5003069],[9.3740695,47.4953604],[9.3689046,47.4940298],[9.3684346,47.4920822],[9.3727856,47.490464],[9.3668152,47.48622],[9.3682145,47.4847397],[9.3803006,47.4873815],[9.3799235,47.4857487],[9.3823057,47.4839228],[9.3887828,47.4815637],[9.3915449,47.4788673],[9.3911096,47.4774009],[9.3969109,47.4749774],[9.3964367,47.4773157],[9.4005777,47.4793134],[9.4019394,47.4841886],[9.4008838,47.4858225],[9.4037335,47.4880369],[9.4064974,47.4940636],[9.409138,47.493373],[9.4135282,47.4975264],[9.4173509,47.4980532],[9.4212725,47.4961761],[9.4251069,47.5015032],[9.4469608,47.5113099],[9.5069474,47.5497394],[9.4956038,47.5514551],[9.3947139,47.6203261],[9.2565609,47.6587076],[9.2030414,47.6553293]],[[9.3538637,47.5118099],[9.3591007,47.5105313],[9.3585229,47.5085676],[9.3546137,47.5093772],[9.3538637,47.5118099]]]]}},{"type":"Feature","properties":{"code":"TI","name":"Ticino"},"geometry":{"type":"Polygon","coordinates":[[[9.0890524,46.2123805],[9.0835861,46.22059],[9.0796046,46.2332847],[9.0745627,46.2317299],[9.0713444,46.2352515],[9.0760223,46.2378759],[9.0777614,46.2603043],[9.0715527,46.2680741],[9.0636392,46.2730621],[9.0621336,46.27744],[9.0581221,46.2813045],[9.0539166,46.292212],[9.0540209,46.2948146],[9.0600167,46.2970549],[9.0679627,46.3071128],[9.0714411,46.3081163],[9.0746949,46.3128316],[9.0733879,46.3178661],[9.0643203,46.3260804],[9.0644494,46.3278673],[9.0696124,46.3324855],[9.066678,46.3359922],[9.0691187,46.3428941],[9.0814374,46.348605],[9.0882669,46.3492032],[9.0944433,46.3640774],[9.0926671,46.3676362],[9.0953408,46.3745403],[9.0879365,46.3882047],[9.0909566,46.3952826],[9.0962141,46.3998768],[9.0900409,46.4056904],[9.1030897,46.4116697],[9.1009137,46.4175422],[9.089586,46.4317428],[9.0884843,46.4364198],[9.0895739,46.4369409],[9.0870058,46.4437003],[9.091708,46.4487685],[9.0943726,46.4616868],[9.0853812,46.4706094],[9.0854176,46.4754072],[9.082571,46.4770518],[9.073729,46.4802475],[9.060544,46.4763071],[9.0542783,46.4767739],[9.0456075,46.481241],[9.0478719,46.4836495],[9.046205,46.4869147],[9.0402434,46.4895639],[9.0391339,46.4917518],[9.0401921,46.4937047],[9.0368796,46.4984636],[9.0284045,46.5035887],[9.0230811,46.5096948],[9.0209318,46.526907],[9.0171894,46.5290367],[9.0166383,46.5320443],[9.0210442,46.5337027],[9.0229583,46.5378816],[9.0192394,46.5472753],[9.0246915,46.5556965],[9.0240486,46.5590857],[9.0264037,46.5614797],[9.0266459,46.5655657],[9.0299086,46.5713375],[9.0355445,46.5756013],[9.0372467,46.5818518],[9.0429114,46.5834906],[9.0428134,46.5887982],[9.0353644,46.5919667],[9.0327442,46.5999801],[9.0276158,46.5994018],[9.0211875,46.6029958],[9.0162303,46.6032141],[9.0104766,46.6084717],[9.0042122,46.6113304],[8.9953543,46.6117303],[8.9837465,46.6088106],[8.972059,46.6024123],[8.9660411,46.6037656],[8.9622081,46.6026404],[8.9596957,46.610701],[8.9630029,46.6181437],[8.9578297,46.6298747],[8.955067,46.6316894],[8.9517813,46.6317046],[8.950378,46.6239682],[8.9414592,46.6184932],[8.9269292,46.6212876],[8.9246138,46.623153],[8.9074752,46.6158468],[8.9057061,46.6110496],[8.9072042,46.6062056],[8.9167602,46.5968718],[8.9152073,46.5949944],[8.9162401,46.5928426],[8.9046177,46.5846157],[8.8939438,46.5819624],[8.8892992,46.5791575],[8.8794435,46.5776218],[8.8763241,46.5745119],[8.8634581,46.5730188],[8.8432339,46.5633559],[8.8317485,46.5639268],[8.8296751,46.5713672],[8.8007408,46.5632796],[8.7511042,46.5760545],[8.7445634,46.5726126],[8.7395467,46.5722122],[8.7282887,46.5764776],[8.7153723,46.5712436],[8.7056584,46.5738463],[8.7029491,46.578741],[8.696659,46.5810727],[8.6925706,46.5796712],[8.6846041,46.5802474],[8.6806702,46.5783235],[8.673078,46.5785539],[8.6607014,46.5735436],[8.6565435,46.5686738],[8.6517855,46.5669047],[8.6346626,46.5643748],[8.6308454,46.5656499],[8.6287569,46.5711404],[8.6294817,46.5730712],[8.6265657,46.5763764],[8.6203529,46.5781349],[8.6153923,46.5781139],[8.6114023,46.5752715],[8.6065942,46.5743983],[8.5905312,46.5734078],[8.5813907,46.5770512],[8.5736727,46.5837097],[8.5652056,46.5813569],[8.5538955,46.5806749],[8.5393777,46.5862975],[8.5313856,46.5845636],[8.5261433,46.5812263],[8.5250403,46.5778245],[8.5214868,46.5773801],[8.5219167,46.5745816],[8.5201217,46.5728367],[8.5210799,46.5673581],[8.5179441,46.5653764],[8.5130602,46.558077],[8.5157971,46.554477],[8.5144171,46.5515392],[8.5157118,46.5486063],[8.5203747,46.542554],[8.5194731,46.5388742],[8.5054224,46.5351357],[8.4826433,46.532392],[8.4774545,46.5274068],[8.4776087,46.5248199],[8.4728193,46.5232359],[8.4711073,46.5202367],[8.4586656,46.5100661],[8.4517037,46.5078003],[8.4435943,46.4957704],[8.4316663,46.4969759],[8.4196805,46.4926173],[8.414757,46.4946817],[8.4099872,46.4926421],[8.3918208,46.4936938],[8.3944249,46.4842833],[8.385991,46.4756756],[8.3924685,46.4679675],[8.385459,46.4655695],[8.3857451,46.4618167],[8.3826538,46.4600593],[8.3842872,46.4527213],[8.3928992,46.4515212],[8.3964706,46.4547567],[8.4014797,46.4546244],[8.4085787,46.4585402],[8.4172663,46.4588076],[8.4211198,46.4609784],[8.4349083,46.4639353],[8.4385186,46.4641555],[8.4395728,46.4627248],[8.4461263,46.4637015],[8.4500377,46.4619126],[8.4542826,46.4543179],[8.4613527,46.450971],[8.4625704,46.4483729],[8.4615105,46.4465031],[8.4654732,46.4445407],[8.4657357,46.4421857],[8.4633953,46.4388226],[8.4575327,46.4347607],[8.4606558,46.4287234],[8.4569667,46.4233363],[8.4584891,46.4199872],[8.4630268,46.4179173],[8.4683156,46.4117438],[8.4633445,46.4045196],[8.4710139,46.3960436],[8.4610481,46.3872308],[8.4665129,46.3800557],[8.4668129,46.3683173],[8.4701292,46.3616737],[8.464585,46.3581033],[8.4617161,46.3537643],[8.4644199,46.3463912],[8.4634264,46.3367266],[8.4651859,46.3336069],[8.4601501,46.3282548],[8.4557348,46.3268731],[8.4539811,46.3212751],[8.4439807,46.3197631],[8.4418041,46.315797],[8.4417325,46.3107336],[8.4389017,46.3062237],[8.4405514,46.304158],[8.4335336,46.3022947],[8.4278863,46.2986738],[8.4337984,46.2919377],[8.4346273,46.2875942],[8.4497581,46.2743253],[8.4557075,46.2643043],[8.4484546,46.2614005],[8.4479135,46.2583289],[8.4418671,46.254442],[8.4431631,46.250877],[8.4468712,46.2480372],[8.4641784,46.2443731],[8.467335,46.2343765],[8.4714635,46.2319548],[8.4925783,46.229133],[8.5144684,46.2203803],[8.5218215,46.2219025],[8.5325471,46.2183626],[8.536372,46.2042909],[8.5408714,46.1974097],[8.5532043,46.1922958],[8.5549792,46.1872403],[8.5540131,46.1862333],[8.5632816,46.1840345],[8.569786,46.176927],[8.573612,46.1644917],[8.5784119,46.1618343],[8.5841967,46.1629453],[8.5875949,46.1613814],[8.5892078,46.1568218],[8.602964,46.1553583],[8.6005298,46.1535121],[8.5998619,46.1495157],[8.593623,46.146476],[8.5929672,46.1430192],[8.5953603,46.1428086],[8.6103975,46.1320265],[8.6098539,46.1266074],[8.6118217,46.1217208],[8.6470898,46.1235881],[8.6563273,46.1160396],[8.6576119,46.1127419],[8.6699196,46.1089914],[8.6793955,46.1104619],[8.6813584,46.1057799],[8.6858035,46.1022041],[8.6960792,46.101928],[8.713991,46.0972321],[8.7242721,46.1102205],[8.7423429,46.1223112],[8.75894,46.1021546],[8.7685628,46.1005841],[8.7830083,46.0940992],[8.7998182,46.0947414],[8.8060228,46.1013511],[8.8210831,46.0934299],[8.824248,46.0892255],[8.8338327,46.08279],[8.8426294,46.0797904],[8.8475045,46.0757558],[8.8520348,46.0756306],[8.8545039,46.0615864],[8.8441833,46.0485063],[8.8345263,46.0513649],[8.8284874,46.0465254],[8.8346777,46.0440551],[8.8327128,46.04056],[8.830031,46.0416046],[8.8271485,46.0322733],[8.8196771,46.0254878],[8.8059142,46.0219291],[8.7930889,46.0081018],[8.7859903,45.9892597],[8.7908282,45.9885864],[8.7923034,45.9916295],[8.7957734,45.9920676],[8.8102191,45.989817],[8.813831,45.9909728],[8.8201415,45.9874117],[8.831045,45.9880355],[8.8349369,45.9849914],[8.8392329,45.9842207],[8.8397683,45.9821246],[8.8426977,45.9814711],[8.8436579,45.9773688],[8.8606932,45.9661111],[8.8647332,45.9654578],[8.867607,45.9611373],[8.8796624,45.9567378],[8.8936571,45.958982],[8.8966462,45.954748],[8.8986014,45.9462586],[8.8934911,45.9373823],[8.8933121,45.9311849],[8.8968135,45.9264483],[8.9040064,45.9220517],[8.9074451,45.9177895],[8.9142865,45.9178005],[8.9241547,45.905663],[8.9249369,45.9008594],[8.9215376,45.8959553],[8.9241073,45.8921857],[8.9284386,45.8905036],[8.9315322,45.8858291],[8.9339617,45.8710658],[8.9374201,45.8673888],[8.9416054,45.8702714],[8.9452311,45.8672474],[8.9332292,45.8616048],[8.9152399,45.8434021],[8.9130421,45.8389433],[8.912144,45.8307544],[8.9202223,45.8342775],[8.9286628,45.8333702],[8.9334437,45.8391904],[8.9391522,45.8412974],[8.9554783,45.8433577],[8.9561791,45.8415958],[8.962151,45.8387219],[8.9612779,45.8367878],[8.9624993,45.8358372],[8.9699837,45.8323538],[8.9742072,45.8330403],[8.9761723,45.8366343],[8.9813867,45.8357114],[8.9872669,45.8384719],[8.9907507,45.8360773],[8.989889,45.8353364],[8.9974877,45.8349446],[8.9935583,45.8223037],[8.9984351,45.8229163],[9.0160119,45.8180272],[9.0223684,45.8219205],[9.0313231,45.8208363],[9.0344617,45.8230171],[9.0316617,45.824248],[9.0340109,45.8306994],[9.0377455,45.8352566],[9.0353128,45.8390784],[9.0357691,45.8411404],[9.0406289,45.8464925],[9.0438103,45.846592],[9.0453981,45.8495936],[9.0507744,45.8522125],[9.0484597,45.853207],[9.0518292,45.8544335],[9.0493566,45.8585601],[9.0492321,45.862873],[9.0551028,45.8713435],[9.0546518,45.8733638],[9.0579257,45.8753077],[9.0670253,45.8760465],[9.0718577,45.8821537],[9.0773748,45.8845835],[9.0793099,45.8883391],[9.0779791,45.8920924],[9.0816049,45.8918326],[9.0851385,45.8959323],[9.0880367,45.8968296],[9.0886425,45.9005107],[9.086819,45.9022263],[9.0769409,45.8993081],[9.0754618,45.9061378],[9.0773334,45.9092415],[9.0765017,45.9107382],[9.0722329,45.9126717],[9.0677556,45.9105952],[9.0672222,45.9134627],[9.0590608,45.9164674],[9.0599143,45.9207857],[9.049733,45.9204989],[9.0427678,45.9273526],[9.0298424,45.9265041],[9.0265197,45.9286986],[9.0193572,45.9283683],[9.0224618,45.9371727],[9.0135608,45.9415144],[9.0124224,45.9436562],[9.0171227,45.9490154],[9.0153229,45.9508116],[9.0139619,45.9605539],[8.99402,45.9665632],[8.9882623,45.9723096],[8.9946517,45.9716394],[8.9960687,45.9737759],[8.9955282,45.9797214],[9.0080463,45.9806093],[9.0106929,45.9828846],[9.0113747,45.987857],[9.0204703,45.9886287],[9.0225036,45.9895435],[9.0228918,45.9927561],[9.0284607,45.9936259],[9.0250717,46.0002726],[9.0225429,46.0168561],[9.0093856,46.0267182],[9.0075936,46.0297988],[9.0095249,46.0372876],[9.0171412,46.0441188],[9.0160328,46.0464742],[9.0181875,46.0503845],[9.0232501,46.0527175],[9.0287629,46.0530183],[9.0393312,46.0588504],[9.0450033,46.0591959],[9.0502301,46.0623638],[9.0603337,46.0607052],[9.0737116,46.0625676],[9.0783419,46.0658048],[9.0790722,46.0759159],[9.0841953,46.0787408],[9.0896151,46.0870156],[9.0891458,46.0900687],[9.0724833,46.1179153],[9.0893274,46.125451],[9.0999736,46.1266173],[9.1011538,46.1292542],[9.105276,46.1320276],[9.1136813,46.1347643],[9.1209473,46.1345213],[9.1268232,46.1445559],[9.1343323,46.1529192],[9.1408729,46.1550702],[9.149631,46.1606061],[9.1568071,46.1623235],[9.1584994,46.1646551],[9.1595209,46.1695253],[9.1533958,46.1701855],[9.1418556,46.1779391],[9.1355391,46.1803782],[9.1319004,46.1837722],[9.1306405,46.1887074],[9.1192442,46.2001064],[9.1112282,46.2049876],[9.0890524,46.2123805]],[[8.9775223,45.9824381],[8.9763287,45.9758599],[8.9773593,45.9723104],[8.9793606,45.9710383],[8.9756481,45.9616579],[8.9691164,45.9618371],[8.9585437,45.9648164],[8.9670775,45.9841493],[8.9775223,45.9824381]]]}},{"type":"Feature","properties":{"code":"UR","name":"Uri"},"geometry":{"type":"Polygon","coordinates":[[[8.692587,46.7018487],[8.7002032,46.7035871],[8.7089842,46.6989621],[8.716519,46.7024305],[8.7181239,46.7061419],[8.7276222,46.7074438],[8.7352789,46.7130366],[8.7456984,46.7171189],[8.7490648,46.7207402],[8.7443965,46.7288814],[8.747639,46.7359106],[8.7661104,46.7447833],[8.7688365,46.7444531],[8.7695746,46.7407009],[8.7727777,46.7397598],[8.7819848,46.7283121],[8.7921163,46.7313651],[8.800117,46.7317984],[8.8126375,46.7373203],[8.8104307,46.7449252],[8.813817,46.7491416],[8.8145643,46.7550548],[8.8185637,46.7584085],[8.8185456,46.7624842],[8.8254144,46.7660377],[8.8317088,46.7643352],[8.8345695,46.7668561],[8.830356,46.7711532],[8.8281262,46.7787918],[8.828946,46.7835442],[8.826304,46.7883526],[8.8281425,46.7921464],[8.8362738,46.7952641],[8.8477105,46.7935195],[8.8471363,46.7975527],[8.859879,46.8056994],[8.8694586,46.8066573],[8.8739269,46.8086381],[8.8770464,46.8129185],[8.8755647,46.8159667],[8.8801622,46.8200807],[8.881635,46.8290721],[8.8749064,46.8347595],[8.8740662,46.8396479],[8.8712284,46.8420353],[8.8956601,46.8495718],[8.9092456,46.8609781],[8.9158838,46.8601779],[8.9333747,46.8653412],[8.9417106,46.8708924],[8.9559119,46.8753321],[8.9578008,46.8795013],[8.9572771,46.8879052],[8.9528116,46.8983576],[8.9534077,46.9006934],[8.9485786,46.9016111],[8.9435621,46.9061636],[8.9353832,46.9198504],[8.91132,46.9107277],[8.9098268,46.9087873],[8.9016565,46.9077924],[8.8933144,46.9027697],[8.8869761,46.9023546],[8.8744311,46.8949743],[8.861839,46.8947409],[8.8605734,46.8908467],[8.8556871,46.8883253],[8.8537979,46.8854758],[8.8478429,46.8909935],[8.8493911,46.9086597],[8.8481037,46.9130858],[8.8470756,46.9137773],[8.8425629,46.9094207],[8.8361242,46.9076776],[8.8277877,46.9193443],[8.8275048,46.922412],[8.8297841,46.9240629],[8.828442,46.9250264],[8.8300799,46.9304628],[8.8267728,46.9357121],[8.8141921,46.9386252],[8.8107042,46.9414524],[8.7979745,46.9367338],[8.7946819,46.9333268],[8.7877492,46.930354],[8.7781015,46.9331749],[8.7744815,46.9396796],[8.7709288,46.9415009],[8.7491264,46.9336703],[8.7450563,46.9348184],[8.7442762,46.9326355],[8.7374294,46.9323789],[8.7358204,46.9302542],[8.7254224,46.9259572],[8.7176698,46.9184913],[8.7077651,46.9171652],[8.6986432,46.9241367],[8.6965319,46.928802],[8.7003124,46.9326523],[8.6998009,46.9348062],[8.6963989,46.9430437],[8.6929257,46.9468797],[8.6699136,46.9441149],[8.6454277,46.9490371],[8.6282002,46.9500031],[8.6223952,46.9527331],[8.604394,46.9519675],[8.6035055,46.9685564],[8.6011795,46.9752372],[8.604133,46.9823321],[8.6031397,46.9868403],[8.5971389,46.9902116],[8.5824165,46.9934091],[8.5710407,46.9901574],[8.5744876,46.9825211],[8.5685069,46.9755751],[8.5622082,46.9729247],[8.5630508,46.9702202],[8.560234,46.9655848],[8.5549667,46.9632164],[8.5556399,46.9514372],[8.5573303,46.9475232],[8.5559374,46.9468148],[8.557074,46.9453712],[8.5556299,46.9411157],[8.5584581,46.9399302],[8.5443734,46.9394661],[8.5476729,46.9348193],[8.544051,46.9278621],[8.5317098,46.9235386],[8.5198321,46.9228427],[8.5189971,46.9202235],[8.5153242,46.9179826],[8.5027793,46.9144285],[8.4981087,46.9187574],[8.4860862,46.9184712],[8.4841175,46.9119647],[8.4814246,46.9089695],[8.4642629,46.9047375],[8.4587477,46.8992244],[8.4612769,46.8971978],[8.4679098,46.8974602],[8.4735591,46.8934613],[8.4737595,46.8906811],[8.4766725,46.8883005],[8.4790907,46.8825229],[8.467191,46.8762439],[8.4710269,46.8685662],[8.4678973,46.8606437],[8.4708359,46.8548512],[8.4755618,46.8546533],[8.4793933,46.8572499],[8.4901909,46.8530386],[8.4976681,46.8536144],[8.5063458,46.8457191],[8.5043647,46.8411809],[8.4889597,46.8356585],[8.4863068,46.8320394],[8.4835493,46.8263881],[8.4832092,46.8189874],[8.478126,46.8137214],[8.4832296,46.8087584],[8.4819687,46.8032624],[8.4723107,46.7993766],[8.4642643,46.8005376],[8.465795,46.7987102],[8.4647104,46.7985085],[8.4725824,46.7954517],[8.4811284,46.7984274],[8.4819314,46.7938967],[8.4785492,46.7892748],[8.4882875,46.7814672],[8.4914322,46.7725301],[8.4747769,46.767892],[8.4603517,46.7691029],[8.4486101,46.7634408],[8.4473379,46.7579174],[8.4437201,46.7543397],[8.4391677,46.753127],[8.4437651,46.747102],[8.4404239,46.7436058],[8.4412902,46.7368535],[8.449714,46.7298385],[8.4470721,46.72706],[8.4474234,46.714158],[8.4489624,46.7122077],[8.4536309,46.7108765],[8.4525052,46.7025308],[8.4551574,46.6989026],[8.4523688,46.6888726],[8.4408064,46.6855103],[8.4337636,46.6868559],[8.4281838,46.6860641],[8.4152825,46.6874839],[8.4125985,46.6905525],[8.3996106,46.6928757],[8.3987207,46.6916549],[8.3980551,46.6742285],[8.4029639,46.6681529],[8.4082363,46.6658435],[8.4102289,46.653028],[8.4182208,46.652196],[8.4219855,46.6478836],[8.4207125,46.6465873],[8.4203037,46.6371808],[8.4188011,46.6359188],[8.4210474,46.6278057],[8.4223509,46.6272656],[8.4203921,46.6255746],[8.4204008,46.6163522],[8.416976,46.6125673],[8.4161347,46.6068304],[8.4081942,46.6013774],[8.4077573,46.5999589],[8.4103293,46.5968929],[8.4061408,46.5859648],[8.4104776,46.579683],[8.4099515,46.5774822],[8.4170306,46.5710997],[8.4196235,46.5635752],[8.4234233,46.5596642],[8.4238538,46.5526028],[8.4284977,46.5441453],[8.4366578,46.5398007],[8.4410886,46.5396988],[8.4461136,46.5365801],[8.4580495,46.5334305],[8.4649748,46.5356623],[8.4718029,46.5295255],[8.4776262,46.5276268],[8.4826433,46.532392],[8.5054224,46.5351357],[8.5194731,46.5388742],[8.5197496,46.5434614],[8.5157118,46.5486063],[8.5144171,46.5515392],[8.5157971,46.554477],[8.5130602,46.558077],[8.5177688,46.5648449],[8.5209799,46.5669247],[8.5200066,46.5726454],[8.5222184,46.5775603],[8.5250403,46.5778245],[8.5269712,46.5820756],[8.5313856,46.5845636],[8.536569,46.5849617],[8.5392074,46.5867863],[8.5525578,46.5807216],[8.5652056,46.5813569],[8.5736727,46.5837097],[8.5813907,46.5770512],[8.5905312,46.5734078],[8.6113061,46.5749604],[8.6149348,46.5781378],[8.6214306,46.5778552],[8.6295591,46.5737493],[8.628772,46.5714462],[8.630683,46.5657946],[8.6352501,46.5643999],[8.6407392,46.5640988],[8.6565435,46.5686738],[8.6599578,46.5736615],[8.6787459,46.5791939],[8.6819216,46.5885324],[8.6806097,46.5950522],[8.6767201,46.5993759],[8.6793673,46.6062956],[8.677749,46.6093638],[8.6787447,46.6159962],[8.6766766,46.6199699],[8.6713394,46.6196114],[8.6640216,46.6216827],[8.6584113,46.6258114],[8.6565822,46.63133],[8.6515386,46.6340195],[8.6518748,46.6379398],[8.6574725,46.6416339],[8.6563892,46.6432118],[8.6582042,46.6477727],[8.6548784,46.649972],[8.6613934,46.6560245],[8.6662122,46.6559717],[8.6786074,46.6642656],[8.6734706,46.672633],[8.6741711,46.6779437],[8.6729672,46.6808083],[8.6750669,46.6852816],[8.6736487,46.6909099],[8.6782996,46.6949492],[8.6862819,46.6941788],[8.6892981,46.6961681],[8.692587,46.7018487]]]}},{"type":"Feature","properties":{"code":"VD","name":"Vaud"},"geometry":{"type":"MultiPolygon","coordinates":[[[[6.958802,46.9672255],[6.9281962,46.9533978],[6.9649008,46.9243891],[6.9715328,46.9211914],[6.9781084,46.923406],[6.9863951,46.9198647],[6.9871108,46.9190253],[6.9817674,46.9135853],[6.9844668,46.9119842],[6.9812639,46.9094475],[7.0089756,46.8895314],[7.0058564,46.8857413],[6.9938005,46.8789644],[6.9992384,46.8744214],[7.0080364,46.8730942],[7.0176896,46.8801152],[7.0212868,46.8766843],[7.0251822,46.8777951],[7.0353263,46.87351],[7.0305877,46.8667082],[7.0311163,46.8650902],[7.0396653,46.8606049],[7.0341894,46.8577889],[7.0338784,46.8558481],[7.0297078,46.8526805],[7.0315531,46.8481089],[7.0331931,46.8487354],[7.036617,46.8458156],[7.0395863,46.8483015],[7.0429153,46.846888],[7.0490769,46.8548704],[7.0539573,46.8562635],[7.0630271,46.8671875],[7.0667823,46.8686792],[7.0708198,46.8730276],[7.0672169,46.8774382],[7.0672918,46.88094],[7.0621105,46.8797197],[7.0618899,46.8828478],[7.0642635,46.8867898],[7.0720748,46.8887219],[7.0709041,46.8897611],[7.0798329,46.8941231],[7.0748934,46.8939349],[7.0743817,46.8952904],[7.0870951,46.8970955],[7.0888407,46.8997182],[7.0863757,46.9018644],[7.0934099,46.90579],[7.0867363,46.9103268],[7.0578798,46.9386085],[7.0613659,46.9442338],[7.0587364,46.9537989],[7.0564567,46.9552228],[7.0596141,46.9558126],[7.0574147,46.9595615],[7.0591278,46.960122],[7.0575492,46.9621431],[7.0596368,46.9630835],[7.0579042,46.9654084],[7.0612977,46.9667647],[7.0630447,46.9711067],[7.0523654,46.9770351],[7.0024263,46.9869039],[6.958802,46.9672255]]],[[[6.940686,46.7439511],[6.9378143,46.7495441],[6.9303776,46.7542044],[6.9200214,46.7513026],[6.9166838,46.754614],[6.9106004,46.7533157],[6.9106358,46.7560315],[6.9082418,46.757218],[6.9144311,46.7627274],[6.9174377,46.7625624],[6.9170823,46.7611357],[6.9201146,46.7598576],[6.93505,46.7713809],[6.9312482,46.7725084],[6.9330745,46.7746965],[6.9315666,46.7753191],[6.9371386,46.778622],[6.9381122,46.7812421],[6.9457042,46.7845407],[6.9495789,46.7828201],[6.9574688,46.7880925],[6.9581691,46.7901124],[6.9564421,46.7905244],[6.9559939,46.7934244],[6.9666627,46.8027037],[6.9588466,46.8098631],[6.9592843,46.8122218],[6.9565085,46.8149357],[6.9602179,46.817758],[6.9578505,46.8187375],[6.9650429,46.8282282],[6.9710153,46.8240532],[6.9834437,46.8219716],[6.9895643,46.8266015],[6.9924382,46.8330757],[6.9868325,46.834659],[6.9861115,46.8374481],[6.9830747,46.8398251],[6.9859923,46.8400687],[6.9886543,46.8434947],[6.9844153,46.846717],[6.9815493,46.8457783],[6.9794666,46.8469458],[6.9804546,46.8481134],[6.9775107,46.8509424],[6.9789011,46.8530007],[6.9778131,46.8549581],[6.9805839,46.8580175],[6.9769442,46.8605273],[6.979211,46.8656097],[6.9888953,46.8734599],[6.973755,46.8873141],[6.966373,46.883397],[6.961298,46.8834695],[6.9581837,46.881534],[6.9694384,46.8673379],[6.9648846,46.8653897],[6.9602308,46.8714412],[6.9579045,46.8707808],[6.953955,46.875389],[6.9505076,46.8757552],[6.9512236,46.8773401],[6.9458098,46.8828282],[6.9415365,46.8846057],[6.9383656,46.8899681],[6.9360086,46.8887883],[6.9331324,46.8925438],[6.9248362,46.8933152],[6.9235927,46.8950072],[6.929244,46.8983225],[6.9295677,46.9000042],[6.8962302,46.9254861],[6.8656901,46.9095751],[6.8964191,46.8830386],[6.8992225,46.8833866],[6.9036591,46.8794282],[6.9053336,46.8803335],[6.9069551,46.8786225],[6.9107974,46.8806251],[6.9210056,46.8713308],[6.9117648,46.8671493],[6.9096112,46.8694932],[6.8919564,46.8649762],[6.894191,46.8626018],[6.8964645,46.8612317],[6.9127817,46.8659561],[6.9199331,46.8604376],[6.9241561,46.8594644],[6.9271486,46.8545412],[6.9299398,46.8538979],[6.9204886,46.8480958],[6.9107783,46.8393492],[6.907665,46.8346836],[6.9069675,46.8285685],[6.9048818,46.8249751],[6.9093215,46.8189337],[6.9075735,46.8176404],[6.9105072,46.8128345],[6.904936,46.8064802],[6.9113449,46.8031335],[6.9192169,46.8103026],[6.9222432,46.8087784],[6.9274205,46.8090551],[6.9315918,46.8051624],[6.9258958,46.7984311],[6.9209857,46.79655],[6.9165687,46.7887647],[6.9172181,46.7853218],[6.9109938,46.7797095],[6.9073816,46.7837959],[6.9050499,46.781545],[6.8991216,46.7815932],[6.8998267,46.7800589],[6.8953876,46.7790977],[6.8942028,46.7772954],[6.8881301,46.7782715],[6.8795476,46.7753001],[6.863797,46.781121],[6.8618864,46.7831697],[6.8637445,46.7843228],[6.8630886,46.7861034],[6.8590921,46.788003],[6.8511113,46.7855041],[6.8492242,46.7840514],[6.8504873,46.782351],[6.8442705,46.7789304],[6.8398597,46.780823],[6.8359088,46.7759612],[6.8319568,46.774958],[6.8286226,46.7763745],[6.8257735,46.7731874],[6.8176706,46.7785092],[6.8130356,46.778331],[6.8092192,46.7837304],[6.8049722,46.7854487],[6.7966936,46.7835293],[6.7830117,46.7933858],[6.7771338,46.789108],[6.7759835,46.7897516],[6.778304,46.793534],[6.7872784,46.7996039],[6.7835546,46.8026612],[6.77881,46.8005725],[6.7418691,46.8278756],[6.7798257,46.8529608],[6.7553005,46.8704297],[6.7405843,46.8717842],[6.7333902,46.8678973],[6.7338623,46.8716131],[6.7360673,46.8732258],[6.7404258,46.8829914],[6.7382067,46.8854276],[6.7401098,46.8948143],[6.7215315,46.9050486],[6.7167011,46.9060767],[6.7175327,46.9158627],[6.723703,46.9311181],[6.7203987,46.9333271],[6.7208298,46.9360732],[6.6685178,46.9205602],[6.6472244,46.9107015],[6.6456831,46.9067415],[6.6270861,46.8887095],[6.6146354,46.8889332],[6.5985231,46.8835931],[6.5877484,46.8842598],[6.559907,46.8740709],[6.5514346,46.8727882],[6.5451743,46.8685982],[6.5377662,46.8668449],[6.5305896,46.8603563],[6.5234745,46.8565738],[6.4822708,46.8466022],[6.4666845,46.8478427],[6.465526,46.8508428],[6.4601921,46.8512939],[6.4431544,46.8327141],[6.4395389,46.824081],[6.4408312,46.8158214],[6.4310763,46.8123584],[6.4347877,46.8014881],[6.4584146,46.7887769],[6.4516687,46.7786323],[6.4522576,46.7742164],[6.4392772,46.7669729],[6.4382444,46.7615961],[6.4232872,46.7539974],[6.4034911,46.7500014],[6.4009802,46.7508088],[6.3953484,46.7484084],[6.3883324,46.7433692],[6.3919997,46.7388582],[6.384214,46.7311269],[6.3710471,46.7306894],[6.367832,46.7292019],[6.3713014,46.7291826],[6.3716982,46.7241207],[6.3641598,46.7217633],[6.3601625,46.7230858],[6.3537579,46.7182042],[6.3521432,46.7148577],[6.341232,46.7101196],[6.3251123,46.7064741],[6.2970613,46.6942806],[6.2819931,46.6906735],[6.2790434,46.6874942],[6.2691309,46.6825497],[6.2701874,46.6785878],[6.2672553,46.6762104],[6.232756,46.6544583],[6.2275698,46.6481914],[6.2190207,46.6450874],[6.2166648,46.6431128],[6.217444,46.6422843],[6.2128657,46.6410464],[6.2074052,46.6356209],[6.2040466,46.6362867],[6.1995001,46.6345261],[6.2005834,46.6336199],[6.1958355,46.6295284],[6.1965043,46.6286571],[6.1794983,46.6201032],[6.1789672,46.6157524],[6.1653234,46.6100713],[6.1611981,46.6099644],[6.1538275,46.6039804],[6.1395988,46.597623],[6.1265197,46.5899197],[6.1218514,46.5840066],[6.1104724,46.5764387],[6.1566615,46.5452978],[6.1485873,46.5393588],[6.1534965,46.5367993],[6.143689,46.5277477],[6.1379861,46.530994],[6.1126314,46.5095962],[6.0969016,46.4812994],[6.0730113,46.4655468],[6.0734857,46.4598869],[6.0769329,46.4575915],[6.0744422,46.4534893],[6.0843926,46.4474975],[6.0864075,46.4439338],[6.0856139,46.4408404],[6.0745787,46.4321624],[6.0740049,46.4289774],[6.0638578,46.4163952],[6.0967409,46.409227],[6.1056848,46.3994231],[6.1088394,46.3995495],[6.1138231,46.3968275],[6.1147771,46.3972335],[6.1129847,46.3995688],[6.1144308,46.3991891],[6.1346987,46.3887024],[6.1496733,46.3775247],[6.1563877,46.3779112],[6.1589269,46.3798196],[6.1610465,46.3754414],[6.1658976,46.3719311],[6.1699166,46.3660835],[6.161499,46.3599684],[6.158164,46.3545635],[6.1578834,46.3507033],[6.1519272,46.3474528],[6.1496344,46.3430684],[6.1378415,46.3385595],[6.139303,46.3378745],[6.1373902,46.3360645],[6.1392168,46.3334583],[6.1364,46.331823],[6.1351624,46.32879],[6.1361484,46.3284532],[6.1253492,46.3193728],[6.125947,46.3161737],[6.1287987,46.3152882],[6.1281337,46.3143943],[6.1360753,46.3080217],[6.1533913,46.2991564],[6.1701881,46.2947939],[6.1987424,46.2844295],[6.2323217,46.3304353],[6.2035839,46.3388251],[6.1931357,46.3437112],[6.1948935,46.3486105],[6.1862765,46.3495317],[6.1730468,46.3546416],[6.1711096,46.3583947],[6.1762584,46.3600398],[6.1740252,46.3617732],[6.1750559,46.3626177],[6.1802569,46.3645729],[6.1880249,46.3603021],[6.1974022,46.3604753],[6.2020264,46.3547694],[6.2075629,46.3549857],[6.241432,46.3436678],[6.2529694,46.3604207],[6.3352022,46.4037162],[6.425632,46.415807],[6.5191176,46.456368],[6.6818715,46.4543334],[6.8210701,46.4271574],[6.8624653,46.3909537],[6.8846269,46.3762311],[6.8868263,46.365325],[6.881969,46.3540623],[6.8882682,46.3492808],[6.8942888,46.3417959],[6.9021638,46.3385355],[6.9183708,46.3392645],[6.9299019,46.3302108],[6.9322793,46.3244354],[6.9318461,46.3164259],[6.9372724,46.2972764],[6.9593503,46.2845966],[6.9655864,46.2682369],[6.9757188,46.2595652],[6.9873534,46.2524922],[6.9896919,46.2438452],[6.9957792,46.2368073],[7.0023374,46.2324496],[7.0030602,46.2241118],[7.0076889,46.2210253],[7.0118037,46.2055834],[7.0249592,46.1977189],[7.0325304,46.1874349],[7.0518816,46.1929697],[7.0639811,46.1994351],[7.0712504,46.201008],[7.0777984,46.1991433],[7.0881229,46.2015332],[7.0961661,46.2075149],[7.1110072,46.2138601],[7.122249,46.2233514],[7.1212323,46.2293089],[7.1250396,46.2364313],[7.1409912,46.2379069],[7.1514276,46.2447209],[7.1517751,46.2480756],[7.1552397,46.2527511],[7.1610838,46.253371],[7.1715274,46.2610946],[7.178157,46.268581],[7.1837233,46.2684712],[7.1877355,46.2702538],[7.1893441,46.2733723],[7.1863146,46.2828413],[7.1940109,46.285221],[7.1938859,46.2883793],[7.1969555,46.2891276],[7.1892551,46.2951699],[7.1890579,46.3038956],[7.2217297,46.3294194],[7.2225572,46.3485723],[7.2188867,46.357534],[7.2298689,46.3615878],[7.2263623,46.3640503],[7.2166087,46.3618861],[7.2077583,46.3733215],[7.2084514,46.3786819],[7.1937166,46.378927],[7.1949378,46.384901],[7.2048468,46.4005836],[7.2077831,46.4029803],[7.2072123,46.4100717],[7.2097317,46.4158524],[7.1925415,46.4352231],[7.194951,46.4406149],[7.2131424,46.4395041],[7.2225753,46.4420081],[7.2256855,46.445587],[7.226948,46.4491777],[7.2259786,46.4516471],[7.2323341,46.4539369],[7.2263691,46.4574702],[7.2288975,46.4589201],[7.230917,46.4662031],[7.2249853,46.4774797],[7.2241725,46.4868767],[7.2361942,46.4880272],[7.2355666,46.4927945],[7.2325914,46.4947801],[7.2413325,46.4970351],[7.2452643,46.5021827],[7.24502,46.5048294],[7.2487349,46.5128733],[7.2473864,46.5143179],[7.2487857,46.5195112],[7.2469051,46.5304983],[7.2447387,46.5331887],[7.2454281,46.5384849],[7.2379561,46.5460319],[7.2370801,46.5537934],[7.2233957,46.5478469],[7.2217056,46.5448067],[7.2076536,46.5329056],[7.2008133,46.5416919],[7.1921777,46.5465571],[7.1823391,46.5383699],[7.1627786,46.5284363],[7.1584603,46.5268728],[7.1485302,46.5284503],[7.1450072,46.5268641],[7.1353647,46.5076204],[7.1263412,46.5031568],[7.1227852,46.4986989],[7.1102934,46.4948041],[7.1029923,46.4878609],[7.0889065,46.486931],[7.077589,46.4888329],[7.0724007,46.4864002],[7.065826,46.4890399],[7.0610898,46.4872734],[7.0385193,46.4743174],[7.0226919,46.4617474],[7.0202363,46.4594445],[7.021034,46.4572884],[7.0178593,46.4470664],[7.0121502,46.4465593],[6.9874565,46.4379357],[6.9837456,46.4382357],[6.9841622,46.4397486],[6.9921162,46.448794],[6.9894121,46.4531282],[6.9794962,46.460573],[6.9778291,46.4728904],[6.9813247,46.4753879],[6.9738064,46.4811855],[6.9721931,46.4910857],[6.9657958,46.4930872],[6.9629902,46.4964455],[6.9530762,46.5018899],[6.9336348,46.5016654],[6.9257721,46.5071364],[6.9134397,46.5110746],[6.9119586,46.513053],[6.9014276,46.5132996],[6.8957194,46.5077297],[6.8949922,46.5092741],[6.8974608,46.5146294],[6.8966967,46.5204422],[6.8818869,46.5127006],[6.8663412,46.5007886],[6.8627644,46.4938442],[6.8489067,46.4933714],[6.8462918,46.4960395],[6.8412559,46.4970627],[6.8327192,46.5050556],[6.8308981,46.5118405],[6.8231758,46.5130996],[6.8109728,46.5250444],[6.8171583,46.5318068],[6.8185791,46.5366512],[6.8254756,46.5434201],[6.8278318,46.5429849],[6.8250901,46.538618],[6.8313635,46.5375499],[6.8542321,46.5414191],[6.8563129,46.5373044],[6.8599942,46.5360777],[6.8588542,46.5309837],[6.8610182,46.5307002],[6.8649848,46.5389569],[6.8869803,46.5570702],[6.9020505,46.5611623],[6.8992271,46.5646219],[6.9016508,46.5697244],[6.8977726,46.5704319],[6.888719,46.5677137],[6.8845046,46.5619508],[6.8794338,46.5671286],[6.8744622,46.5649682],[6.8680747,46.574887],[6.8588652,46.580039],[6.8526159,46.5819747],[6.8514341,46.5810682],[6.8468988,46.5838449],[6.8423943,46.5824382],[6.8348503,46.575334],[6.8244489,46.5774906],[6.8209682,46.5833223],[6.8141065,46.5856653],[6.8116631,46.5812196],[6.8132144,46.5784089],[6.8048929,46.5779243],[6.8025615,46.5749146],[6.7994856,46.5740671],[6.7949063,46.5753149],[6.799097,46.582681],[6.8010787,46.5915982],[6.7983334,46.5998637],[6.8019459,46.6007388],[6.8038947,46.6090302],[6.8022135,46.6148897],[6.803462,46.6223694],[6.8021959,46.6273106],[6.7969217,46.6331413],[6.7989453,46.6395948],[6.8036721,46.6456712],[6.7985541,46.6486048],[6.8066455,46.6504226],[6.8175347,46.6477807],[6.8184454,46.6484383],[6.8172869,46.6492337],[6.8274125,46.6598195],[6.8313923,46.6598261],[6.8333886,46.6622278],[6.8441189,46.6608414],[6.8421703,46.6588362],[6.8535257,46.6554594],[6.8593903,46.6599495],[6.8630236,46.6583841],[6.8673529,46.6600977],[6.8683388,46.6629667],[6.8643991,46.6647609],[6.8708829,46.6738835],[6.8641243,46.6767688],[6.8626915,46.6809465],[6.8653347,46.6812727],[6.865692,46.6837296],[6.8684066,46.6857263],[6.8731252,46.6833222],[6.8810118,46.6900528],[6.883696,46.6900095],[6.8903271,46.6949343],[6.8940341,46.7007935],[6.8927351,46.7023697],[6.8944216,46.7055555],[6.9045147,46.714163],[6.9160141,46.7196236],[6.9177299,46.7187121],[6.9363375,46.7339478],[6.9350123,46.7358957],[6.940686,46.7439511]],[[6.9715503,46.8270201],[6.9712137,46.826033],[6.9707634,46.8271403],[6.9715503,46.8270201]],[[6.7487034,46.7318004],[6.7526548,46.7365589],[6.7588442,46.7374079],[6.7682742,46.7444826],[6.7730139,46.7513623],[6.7761098,46.7493939],[6.778441,46.7505318],[6.7862427,46.747612],[6.7845769,46.745995],[6.7833153,46.7359585],[6.7844222,46.7354458],[6.7773485,46.7293813],[6.7773991,46.7261143],[6.7665958,46.7188339],[6.7624116,46.7173696],[6.7585574,46.7219724],[6.7599533,46.7229495],[6.7592569,46.7249453],[6.7517331,46.7282234],[6.7487034,46.7318004]],[[6.8456405,46.771702],[6.8476246,46.7749355],[6.8489342,46.7731054],[6.8523606,46.774298],[6.8516494,46.772311],[6.8541363,46.7720968],[6.857223,46.7677519],[6.8601211,46.7664061],[6.8577366,46.7628772],[6.8588311,46.7614601],[6.8604871,46.7627899],[6.865391,46.762567],[6.8696186,46.7585201],[6.8769925,46.7558795],[6.875634,46.7538945],[6.8820901,46.7498052],[6.8661614,46.7330197],[6.8656007,46.7295244],[6.8671736,46.7271255],[6.861867,46.7245857],[6.8520361,46.7264092],[6.8326854,46.7349727],[6.8283932,46.7355004],[6.8174872,46.7332838],[6.8118429,46.7285237],[6.8073646,46.7270032],[6.7929825,46.7255549],[6.7879133,46.7293593],[6.7910649,46.7309813],[6.7933188,46.7354668],[6.7966464,46.7363415],[6.7987095,46.7342843],[6.8036206,46.7366738],[6.8059472,46.7353948],[6.8163384,46.7383267],[6.8150576,46.7403999],[6.8243377,46.7473979],[6.8268224,46.7501778],[6.8264655,46.7522529],[6.8304752,46.7538843],[6.8283362,46.754439],[6.8300175,46.7564366],[6.8454719,46.7658563],[6.844244,46.7663038],[6.8488156,46.7711238],[6.8456405,46.771702]],[[6.1844365,46.3458401],[6.1816956,46.3436795],[6.1750965,46.346693],[6.172415,46.3445449],[6.1713097,46.3407259],[6.166794,46.3430818],[6.1718112,46.349835],[6.173961,46.3489415],[6.175244,46.3511372],[6.1844365,46.3458401]]]]}},{"type":"Feature","properties":{"code":"VS","name":"Valais/Wallis"},"geometry":{"type":"Polygon","coordinates":[[[6.8958444,46.3405893],[6.881969,46.3540623],[6.8869161,46.3660347],[6.8846269,46.3762311],[6.862728,46.3907515],[6.8216776,46.4269697],[6.8019343,46.3888896],[6.8026536,46.3852315],[6.806424,46.3829587],[6.8057239,46.3788809],[6.7988362,46.3742931],[6.7926795,46.3675856],[6.7807165,46.3665295],[6.7711618,46.3594117],[6.7722085,46.3503771],[6.7790902,46.3446227],[6.7839692,46.3373066],[6.7845948,46.3325941],[6.7959227,46.3329506],[6.7982217,46.3296094],[6.7984872,46.3232314],[6.8010629,46.3196344],[6.806437,46.3204978],[6.8196252,46.3155578],[6.8302712,46.3061314],[6.8281891,46.3027517],[6.8299582,46.3001798],[6.8339427,46.2996875],[6.8396282,46.2950721],[6.8439219,46.2942911],[6.8473463,46.2898911],[6.8540914,46.2922997],[6.8574005,46.291493],[6.8648939,46.2815273],[6.8589064,46.2738779],[6.8601917,46.2662283],[6.8549624,46.2597852],[6.8554217,46.2552017],[6.8519884,46.2521379],[6.8398013,46.2482192],[6.837345,46.2413635],[6.8307494,46.2344674],[6.8212233,46.2323082],[6.8217391,46.2233627],[6.8171813,46.2204067],[6.8134731,46.2153546],[6.809859,46.2138399],[6.8072396,46.207911],[6.8038427,46.2048683],[6.8125574,46.1814205],[6.8072266,46.1786888],[6.8055386,46.1727689],[6.7920682,46.1633075],[6.792647,46.1597245],[6.7903776,46.1535558],[6.794736,46.1469502],[6.7964688,46.1389454],[6.7988107,46.1357618],[6.8074292,46.1364423],[6.8150725,46.1292701],[6.8186957,46.1310854],[6.8380507,46.1326515],[6.8420278,46.1319764],[6.8429767,46.1290372],[6.8515709,46.1266582],[6.8732662,46.1259462],[6.8823204,46.1229423],[6.8907124,46.1255062],[6.8996824,46.1239837],[6.89321,46.1141692],[6.8953798,46.1087825],[6.8931314,46.1047142],[6.8823362,46.0951793],[6.8917895,46.085123],[6.8903566,46.0809048],[6.888182,46.0798236],[6.890735,46.074686],[6.8801494,46.0693633],[6.8720667,46.0510053],[6.879219,46.0458812],[6.8896966,46.0419678],[6.8914056,46.0426379],[6.8919077,46.0462364],[6.8953032,46.0481739],[6.9090926,46.0504301],[6.9245985,46.0652411],[6.9339979,46.0659885],[6.9375064,46.0642703],[6.9350047,46.0561304],[6.9439193,46.0505924],[6.9496914,46.0515784],[6.9545329,46.0416657],[6.9629003,46.0304301],[6.9665388,46.0311467],[6.9710459,46.0256741],[6.9806739,46.0201514],[6.9854894,46.0041824],[7.0004047,45.998599],[7.0054345,46.0014241],[7.0102969,45.9971029],[7.0117987,45.9876344],[7.0162377,45.9859706],[7.0235354,45.9777883],[7.0101194,45.9731088],[7.0089702,45.9691722],[7.0176426,45.9605383],[7.03638,45.9553851],[7.0381307,45.9460205],[7.0357803,45.9381448],[7.0412758,45.9314959],[7.0431135,45.9237714],[7.0533622,45.9155745],[7.0605551,45.913485],[7.0643846,45.9094319],[7.0641899,45.9002288],[7.0727639,45.8954715],[7.0765917,45.895232],[7.0764934,45.890626],[7.0801102,45.8851954],[7.0946838,45.8761108],[7.0929475,45.8716707],[7.0961916,45.8677227],[7.097447,45.8625812],[7.1015494,45.8591755],[7.1173195,45.8593564],[7.1312854,45.8668171],[7.1364653,45.873173],[7.1543001,45.8792168],[7.1637657,45.8768655],[7.1641896,45.8736311],[7.1619608,45.8712695],[7.174896,45.8631801],[7.1785872,45.863553],[7.1901736,45.8588515],[7.1963998,45.8603314],[7.2008235,45.863079],[7.1978366,45.8695026],[7.2001362,45.8755095],[7.2037641,45.8766945],[7.2057571,45.8797902],[7.215027,45.8836599],[7.2162491,45.8882972],[7.2256558,45.8897563],[7.2286681,45.8919524],[7.2405973,45.8901013],[7.246929,45.8929703],[7.2510569,45.892923],[7.2530632,45.8885261],[7.2567925,45.8882336],[7.2711957,45.899765],[7.2765327,45.9005378],[7.2848326,45.9151479],[7.2944371,45.9218133],[7.3013033,45.9174604],[7.3163456,45.9166053],[7.3180054,45.9119925],[7.3243495,45.9102001],[7.3320154,45.9109094],[7.3442886,45.9152832],[7.3499904,45.9119146],[7.3565068,45.9105498],[7.3563504,45.9073948],[7.3612529,45.9032426],[7.3671405,45.9037863],[7.3823907,45.8965717],[7.3857012,45.8970051],[7.3946892,45.9023613],[7.3976761,45.9053759],[7.3977769,45.9083624],[7.401409,45.9109544],[7.4077248,45.9084377],[7.4116935,45.9087536],[7.4208027,45.9121017],[7.4222581,45.9146027],[7.426601,45.915143],[7.4341783,45.9199741],[7.444039,45.9308136],[7.4557963,45.9326115],[7.4588655,45.9355795],[7.4720149,45.9343621],[7.474917,45.9365022],[7.471854,45.9456964],[7.4724358,45.9482599],[7.4786028,45.9525756],[7.487246,45.9556577],[7.494043,45.9560145],[7.4991356,45.9623074],[7.5076268,45.9585707],[7.5180799,45.9627018],[7.5226127,45.9577241],[7.5351217,45.9568596],[7.5384457,45.9549047],[7.5438684,45.9580932],[7.5463532,45.9624086],[7.5417349,45.9758791],[7.5474686,45.9850941],[7.5613028,45.9856196],[7.5699534,45.9876609],[7.5785687,45.9857166],[7.5817392,45.9792539],[7.5813427,45.9755933],[7.5834634,45.9725321],[7.588851,45.970699],[7.6100027,45.9693887],[7.6193663,45.9723455],[7.6401937,45.9702593],[7.656992,45.9765661],[7.6640779,45.9757106],[7.6682783,45.9738354],[7.6747318,45.9658105],[7.6770492,45.9650801],[7.6783196,45.9591887],[7.6810552,45.9569556],[7.6903239,45.9544993],[7.6990095,45.9544689],[7.709709,45.9482818],[7.7073626,45.935217],[7.7117326,45.9325349],[7.7132838,45.9282134],[7.7201307,45.9235819],[7.7351142,45.9240306],[7.7365539,45.928694],[7.742953,45.9319603],[7.7479637,45.9403754],[7.7689343,45.9370595],[7.7792236,45.9289059],[7.7862152,45.9276073],[7.7918272,45.9243245],[7.7941586,45.9200893],[7.7990647,45.917447],[7.8219436,45.9270147],[7.8322781,45.9247121],[7.8366397,45.9218363],[7.8579008,45.9210394],[7.8636836,45.9167707],[7.8659428,45.919282],[7.8730427,45.9206941],[7.8768948,45.9269726],[7.8685613,45.9367278],[7.8705444,45.9471505],[7.8772033,45.9493916],[7.8776533,45.9540495],[7.8755383,45.9581109],[7.8807354,45.9636177],[7.8807995,45.968358],[7.8781064,45.973568],[7.8938494,45.978606],[7.8948829,45.9818672],[7.9002871,45.9877103],[7.9035604,45.9887261],[7.908696,45.9969671],[7.9326186,45.9959969],[7.949353,45.9976006],[7.9572766,45.9960801],[7.9771859,45.999423],[7.9886651,45.9959942],[7.9940373,46.0001058],[8.001105,46.0121966],[8.0123972,46.0119878],[8.0132918,46.0155481],[8.0115988,46.0195212],[8.017272,46.0245742],[8.014358,46.0298906],[8.0118958,46.0312032],[8.0219233,46.038671],[8.0343337,46.0437991],[8.0236805,46.063608],[8.0244287,46.0658007],[8.0218235,46.0699343],[8.0224,46.0742168],[8.0291037,46.0812228],[8.0295873,46.0895961],[8.0338782,46.0952443],[8.0345615,46.1002465],[8.0437064,46.1000879],[8.0490747,46.1022281],[8.0549214,46.1015022],[8.0691171,46.105949],[8.0822418,46.1055752],[8.0969609,46.1084772],[8.0997566,46.1109149],[8.1077508,46.1116572],[8.1138156,46.1174409],[8.1159836,46.1273677],[8.1152611,46.1302395],[8.1262409,46.1354362],[8.136326,46.1369284],[8.1421988,46.1361121],[8.1462156,46.1377542],[8.1540248,46.1462187],[8.1549304,46.147802],[8.1532199,46.1484403],[8.1528594,46.1541635],[8.1496427,46.1572487],[8.1498622,46.161967],[8.1511295,46.165422],[8.1566678,46.1693375],[8.1578973,46.1734047],[8.1652756,46.1770043],[8.1650665,46.1828638],[8.1533003,46.1911073],[8.1513491,46.1961293],[8.1514186,46.2020275],[8.1435307,46.211599],[8.1388826,46.2261526],[8.1279746,46.2281256],[8.1247454,46.2295238],[8.1201817,46.2361939],[8.1151308,46.236295],[8.1115702,46.241113],[8.1119662,46.2453065],[8.1101591,46.2495092],[8.1016608,46.2494367],[8.1006747,46.2522954],[8.0887593,46.2535519],[8.0824061,46.2569436],[8.0805046,46.2606607],[8.0860738,46.2621853],[8.0855666,46.2664344],[8.0968202,46.2713622],[8.1055093,46.2796326],[8.1129575,46.2807579],[8.1183444,46.2861503],[8.1216939,46.2924903],[8.1280807,46.2946826],[8.1381418,46.3019976],[8.1481905,46.3011884],[8.1596095,46.2960605],[8.1721718,46.2969694],[8.1795147,46.2977043],[8.1944553,46.303453],[8.1986571,46.3022554],[8.2112735,46.3092875],[8.2117689,46.3133667],[8.2148857,46.3161612],[8.2146508,46.3197162],[8.2249373,46.3262125],[8.2220029,46.3298492],[8.2247679,46.3324659],[8.2238141,46.3338669],[8.2356241,46.3403696],[8.2496575,46.3407198],[8.2494568,46.3446795],[8.2524415,46.3462144],[8.2627925,46.3460497],[8.2599738,46.348652],[8.2657165,46.3521008],[8.2650775,46.3570713],[8.2610567,46.3601143],[8.2640442,46.3643207],[8.2738667,46.3667497],[8.2840857,46.3637053],[8.2894924,46.3687476],[8.2999717,46.3739492],[8.3127607,46.377162],[8.3148349,46.3832634],[8.3185602,46.3861314],[8.3141402,46.3901689],[8.3172715,46.3948677],[8.3156075,46.3989108],[8.309683,46.4040843],[8.3035072,46.4025302],[8.294547,46.4049822],[8.2886834,46.4083998],[8.2982896,46.4138421],[8.2991963,46.4177036],[8.3037079,46.4232919],[8.3073181,46.4253335],[8.3132102,46.4236419],[8.3258283,46.4251903],[8.3276257,46.4276952],[8.3391901,46.4330916],[8.3427627,46.4366617],[8.3525178,46.4418194],[8.3556205,46.4467693],[8.3661537,46.4515866],[8.3752253,46.4530595],[8.3794815,46.4508023],[8.3847171,46.4521587],[8.3822092,46.4592581],[8.3857451,46.4618167],[8.3864386,46.4661037],[8.3922641,46.4686841],[8.385991,46.4756756],[8.3942899,46.4837013],[8.394011,46.4884246],[8.3916514,46.4916612],[8.392238,46.4940726],[8.3988227,46.4941838],[8.4029793,46.4925009],[8.4110818,46.4927869],[8.4149513,46.4944701],[8.4189845,46.4927481],[8.4344638,46.497064],[8.4430707,46.4953843],[8.4517037,46.5078003],[8.4556087,46.5081757],[8.4599099,46.5109124],[8.4784751,46.5267855],[8.4724561,46.5291811],[8.4655179,46.5354324],[8.4580495,46.5334305],[8.4479716,46.535908],[8.4290073,46.5434931],[8.4266662,46.5468363],[8.4230307,46.5560076],[8.4234233,46.5596642],[8.4207558,46.5619905],[8.4170306,46.5710997],[8.4099515,46.5774822],[8.4104776,46.579683],[8.4062787,46.5857303],[8.4100836,46.5964364],[8.4076331,46.5995221],[8.4161347,46.6068304],[8.416976,46.6125673],[8.4202073,46.6160657],[8.420591,46.6253351],[8.4221626,46.6268649],[8.4191813,46.6340567],[8.4219855,46.6478836],[8.4185453,46.6519418],[8.398973,46.6540503],[8.3947484,46.6460582],[8.3900688,46.643874],[8.3801442,46.6341576],[8.3741071,46.6327715],[8.3714122,46.6341155],[8.3724162,46.6329834],[8.3698811,46.6291903],[8.368769,46.623126],[8.3709547,46.6188679],[8.3705569,46.614632],[8.3647792,46.6037383],[8.3618932,46.6017862],[8.3613803,46.5980487],[8.3634523,46.5924926],[8.3605934,46.5863018],[8.3646716,46.5824784],[8.3515195,46.5717389],[8.3506413,46.5683618],[8.3366047,46.561123],[8.3166269,46.5590292],[8.3125546,46.5543651],[8.3127183,46.5525142],[8.3027661,46.5455298],[8.2874066,46.5430186],[8.2793057,46.5360168],[8.2739036,46.5365244],[8.2634948,46.5335687],[8.2580618,46.5294428],[8.2524976,46.5295457],[8.2412309,46.5265761],[8.2187461,46.5264627],[8.205115,46.52293],[8.2000476,46.5240256],[8.1806699,46.5203934],[8.1744954,46.524148],[8.1745084,46.5314153],[8.1497199,46.5318128],[8.126207,46.5373078],[8.1144938,46.5465908],[8.1002618,46.5481473],[8.0936127,46.5514333],[8.0833855,46.5521754],[8.0764983,46.5553943],[8.0626374,46.5530215],[8.0614305,46.5513622],[8.0541144,46.5558728],[8.041952,46.5572613],[8.0330323,46.561895],[8.0160552,46.5633252],[8.0004689,46.5577482],[7.9962471,46.5579142],[7.9861526,46.548011],[7.9795879,46.5479796],[7.9698005,46.5448878],[7.9677835,46.5414361],[7.9627624,46.5391337],[7.9631836,46.5357099],[7.967425,46.5321998],[7.9664977,46.5306749],[7.9729467,46.5237629],[7.9702661,46.5202041],[7.9708165,46.5165313],[7.9676924,46.5128576],[7.9646959,46.5128985],[7.9544881,46.5082404],[7.9420019,46.5077566],[7.9349937,46.5036313],[7.9319471,46.4981122],[7.9234134,46.4950507],[7.9248049,46.4940642],[7.9238168,46.492093],[7.9165166,46.4913862],[7.911566,46.4867741],[7.9065797,46.4869746],[7.89779,46.4825305],[7.8916364,46.4832569],[7.878447,46.4787658],[7.8699489,46.4777818],[7.8503494,46.4771546],[7.8485354,46.4786976],[7.8448882,46.4785488],[7.8294104,46.4713477],[7.8254648,46.4670832],[7.7983297,46.4588133],[7.7926298,46.4538978],[7.7859923,46.4514717],[7.7794137,46.446729],[7.7784793,46.4433369],[7.7722088,46.4423],[7.7688282,46.4395817],[7.7659575,46.4399644],[7.7640832,46.4375822],[7.7335029,46.4228435],[7.7218654,46.4210113],[7.7155954,46.4148167],[7.7085237,46.4138964],[7.6988247,46.4192327],[7.6936089,46.4249359],[7.6903215,46.4246697],[7.6372058,46.4405117],[7.6260856,46.4450853],[7.6211506,46.4392915],[7.6096497,46.4367424],[7.608349,46.4345527],[7.6097583,46.4316534],[7.6089411,46.4265277],[7.5973893,46.4206835],[7.6003266,46.4169426],[7.5957488,46.4112172],[7.5864465,46.4137021],[7.5815544,46.4175623],[7.5655269,46.4143443],[7.5623772,46.4124357],[7.5548357,46.4136511],[7.5338963,46.4096971],[7.5335783,46.4070912],[7.5286076,46.4002913],[7.5408052,46.3948579],[7.5469939,46.3940107],[7.5550138,46.3892401],[7.5412716,46.3841065],[7.5378384,46.3771534],[7.526966,46.3746245],[7.5074151,46.3759117],[7.5025044,46.3704828],[7.4993216,46.3698839],[7.4946242,46.371908],[7.4868677,46.3707236],[7.4854743,46.3717826],[7.4838295,46.3810849],[7.4794061,46.3852585],[7.4732914,46.3836194],[7.4729252,46.3810336],[7.4702174,46.3787421],[7.4640531,46.3780555],[7.4621362,46.3764207],[7.4590295,46.3781855],[7.4584388,46.3811556],[7.4549484,46.3829349],[7.442404,46.3832759],[7.4386303,46.3861488],[7.433391,46.3850836],[7.4274164,46.3805845],[7.4176968,46.3802649],[7.4010004,46.374207],[7.3998168,46.376462],[7.3854822,46.3684318],[7.3806072,46.3638926],[7.3629062,46.3567029],[7.3549511,46.3507667],[7.3156452,46.3436615],[7.3079882,46.3519062],[7.3098677,46.3557037],[7.3083678,46.3584193],[7.3125822,46.3642445],[7.3128054,46.3697811],[7.3102862,46.3751591],[7.2978437,46.3659211],[7.2907006,46.3671762],[7.2623055,46.3582368],[7.2608425,46.3551386],[7.2619737,46.349872],[7.2600309,46.3447484],[7.2623268,46.3378592],[7.2542983,46.3311231],[7.2464309,46.3279961],[7.2331301,46.3265189],[7.2217297,46.3294194],[7.1890579,46.3038956],[7.1892551,46.2951699],[7.1969555,46.2891276],[7.1943814,46.2890653],[7.194847,46.285679],[7.186813,46.2835751],[7.1893441,46.2733723],[7.1885129,46.2710009],[7.1837233,46.2684712],[7.178496,46.2686807],[7.1715274,46.2610946],[7.1606069,46.2532154],[7.1552397,46.2527511],[7.1517751,46.2480756],[7.1514276,46.2447209],[7.1426647,46.2389625],[7.1378604,46.2370322],[7.1265752,46.2372185],[7.1241673,46.2359268],[7.1212323,46.2293089],[7.1218686,46.2239725],[7.1073797,46.2117576],[7.0968504,46.2077412],[7.0885805,46.2018155],[7.0769759,46.1989643],[7.0712504,46.201008],[7.0639811,46.1994351],[7.0590004,46.1959917],[7.0331883,46.1870679],[7.0253332,46.1973682],[7.0115415,46.2060283],[7.0076889,46.2210253],[7.0025231,46.2255279],[7.0017964,46.233311],[6.9957792,46.2368073],[6.9895437,46.2440301],[6.9870359,46.2528328],[6.9757188,46.2595652],[6.9655864,46.2682369],[6.9601116,46.2837997],[6.9494716,46.2913053],[6.9372724,46.2972764],[6.9318461,46.3164259],[6.9322927,46.3243744],[6.9299019,46.3302108],[6.9183708,46.3392645],[6.9021638,46.3385355],[6.8958444,46.3405893]]]}},{"type":"Feature","properties":{"code":"ZG","name":"Zug"},"geometry":{"type":"Polygon","coordinates":[[[8.3964966,47.2199645],[8.4008283,47.2150954],[8.4004964,47.2083287],[8.4053026,47.1957265],[8.4002649,47.1854146],[8.4021701,47.1771473],[8.4108748,47.1744424],[8.4153042,47.1641298],[8.4152185,47.1588465],[8.4120214,47.154273],[8.4148873,47.1466569],[8.4122277,47.140587],[8.4152279,47.135584],[8.4151697,47.1314996],[8.4167591,47.1305576],[8.4143252,47.1265605],[8.4153943,47.1244154],[8.4178384,47.1223896],[8.4183202,47.123675],[8.4303946,47.1233201],[8.4415385,47.1293154],[8.4491214,47.130904],[8.454106,47.1136967],[8.4556084,47.1134465],[8.4662678,47.1174887],[8.4803717,47.1263276],[8.4932472,47.1141902],[8.4930444,47.1001815],[8.5217868,47.0899712],[8.5263202,47.0915887],[8.540499,47.0922498],[8.5445098,47.0943601],[8.5624592,47.0937531],[8.5648177,47.0867369],[8.5630156,47.0819066],[8.5686087,47.0810849],[8.5775926,47.0844849],[8.5810923,47.0839982],[8.5901,47.086405],[8.5909215,47.0888801],[8.5954874,47.0912907],[8.5999374,47.09054],[8.6074503,47.0919973],[8.6086995,47.0944522],[8.6372427,47.0933307],[8.6449107,47.0958604],[8.645478,47.0996286],[8.6537711,47.1078582],[8.660552,47.1118319],[8.6598022,47.1146795],[8.6714193,47.1157405],[8.6705245,47.1182034],[8.6725093,47.1203783],[8.6756513,47.121239],[8.678275,47.1245266],[8.6817849,47.1250232],[8.6860413,47.1312669],[8.6845659,47.1324911],[8.6853897,47.13432],[8.6873748,47.13442],[8.6843253,47.1395428],[8.6847721,47.1419273],[8.6902511,47.1472728],[8.7005063,47.1509529],[8.6958222,47.1629404],[8.6841007,47.1625297],[8.6741655,47.1594376],[8.6665988,47.1596112],[8.6612293,47.1609515],[8.6608856,47.1685035],[8.6591236,47.1705787],[8.6518569,47.1709525],[8.6417083,47.1689273],[8.6385575,47.1716362],[8.6247465,47.1727403],[8.6241017,47.1748363],[8.628039,47.1789785],[8.62063,47.1877462],[8.6209865,47.1901471],[8.6176826,47.1920129],[8.617889,47.1949915],[8.6129381,47.2018634],[8.6060413,47.2052421],[8.5990227,47.201431],[8.5963285,47.2048909],[8.5974342,47.2092893],[8.5944917,47.2119147],[8.5878798,47.2125701],[8.5823311,47.2108648],[8.5811377,47.214952],[8.5829732,47.2178283],[8.5773455,47.2183372],[8.5747217,47.2170082],[8.5603449,47.2195443],[8.5538365,47.2232373],[8.5530949,47.2220246],[8.5458789,47.2213973],[8.5393302,47.2230813],[8.5359534,47.2206495],[8.5325431,47.2221327],[8.5315725,47.2180605],[8.5302419,47.2177137],[8.5125639,47.2194149],[8.5123322,47.2155191],[8.5050978,47.2147717],[8.5058863,47.213858],[8.5018188,47.2118847],[8.4927541,47.2118429],[8.4838243,47.2084484],[8.4762199,47.2100215],[8.4740142,47.208774],[8.4729038,47.209002],[8.4738357,47.2106244],[8.4700905,47.2134045],[8.4614031,47.2136312],[8.4566781,47.2185719],[8.4529458,47.2177609],[8.4521061,47.2195997],[8.4479337,47.220109],[8.44664,47.223379],[8.4434988,47.2228876],[8.4415613,47.2248483],[8.4216847,47.2233208],[8.4209299,47.2256471],[8.4181755,47.2266209],[8.4164871,47.236974],[8.4144531,47.2387472],[8.4164943,47.2410889],[8.4100839,47.2483746],[8.4108122,47.2454944],[8.4072121,47.2415578],[8.4058241,47.236716],[8.3979379,47.2313499],[8.3950537,47.2268388],[8.3964966,47.2199645]]]}},{"type":"Feature","properties":{"code":"ZH","name":"Zurich"},"geometry":{"type":"Polygon","coordinates":[[[8.8283343,47.2504621],[8.8346486,47.249373],[8.8374168,47.2472334],[8.8447163,47.2469762],[8.8447361,47.2486275],[8.8517105,47.2511189],[8.8525178,47.2468754],[8.8552301,47.2443862],[8.860316,47.2435297],[8.8697453,47.2450434],[8.870298,47.2466745],[8.8731886,47.2474689],[8.8734875,47.2519915],[8.8892746,47.2530501],[8.9082928,47.2567459],[8.9086053,47.2544149],[8.9289536,47.2598428],[8.9330965,47.2588875],[8.9409339,47.2659931],[8.940308,47.2672354],[8.9429323,47.2673876],[8.9444545,47.2694976],[8.9411838,47.2715411],[8.9473585,47.2752744],[8.9488186,47.2809429],[8.9456222,47.2820407],[8.9419621,47.2796632],[8.9396563,47.2847931],[8.9337129,47.288308],[8.9488993,47.2921721],[8.9490168,47.294419],[8.95759,47.304766],[8.9749561,47.3070338],[8.9849407,47.3193894],[8.9772467,47.3280149],[8.9792825,47.3379492],[8.9730871,47.3398755],[8.9742866,47.3472077],[8.9718042,47.3525259],[8.967416,47.3542763],[8.9605756,47.3537651],[8.9508297,47.3721717],[8.9406217,47.3789829],[8.9435621,47.384013],[8.9430223,47.3860992],[8.9317021,47.3916969],[8.9208114,47.399466],[8.9041806,47.4017784],[8.9046894,47.4049506],[8.9126502,47.4128008],[8.913905,47.4181741],[8.9114808,47.4230884],[8.9146121,47.4269952],[8.9077474,47.4310197],[8.9120164,47.4337373],[8.9136184,47.4315329],[8.9167325,47.4330165],[8.930564,47.4318599],[8.9327268,47.4355414],[8.9219358,47.434858],[8.9073578,47.4386038],[8.9027714,47.4440631],[8.9087075,47.4475198],[8.907156,47.4505476],[8.9003675,47.4542957],[8.8957815,47.4593681],[8.8956193,47.4627381],[8.8919768,47.4641908],[8.8935376,47.4649433],[8.8906662,47.4686882],[8.883603,47.4701307],[8.884602,47.4733851],[8.880982,47.4747555],[8.8847345,47.4768481],[8.8852934,47.4817106],[8.8976935,47.4851124],[8.8967824,47.4879015],[8.8936803,47.4884465],[8.8926847,47.4984499],[8.8967353,47.504626],[8.8973096,47.5105839],[8.8952987,47.5192508],[8.8983322,47.5241748],[8.883444,47.5294184],[8.8800571,47.5276282],[8.8700046,47.5302474],[8.8409305,47.5326421],[8.8399326,47.5393349],[8.8344084,47.5428855],[8.827884,47.5559835],[8.8296618,47.556245],[8.829451,47.5576006],[8.8380114,47.5572663],[8.8416889,47.5600337],[8.8508395,47.5607768],[8.850848,47.5634242],[8.8442965,47.5632515],[8.8448936,47.5660962],[8.8391994,47.5653494],[8.8392633,47.5684625],[8.8377421,47.568559],[8.8388035,47.5711971],[8.831286,47.57338],[8.8300743,47.5711268],[8.8224829,47.5730633],[8.8220058,47.5716025],[8.8172873,47.5719299],[8.8165856,47.5701717],[8.8074324,47.5715711],[8.8081082,47.5743253],[8.8047929,47.5750046],[8.8061999,47.5795067],[8.8010602,47.5805408],[8.8021581,47.5826377],[8.8060382,47.5831495],[8.7658888,47.5924575],[8.7482189,47.5923105],[8.7464808,47.595997],[8.7480225,47.5996224],[8.7397873,47.6078604],[8.7401007,47.6117996],[8.7458047,47.6129489],[8.7458277,47.6208222],[8.7481175,47.6230444],[8.7551511,47.6170752],[8.761237,47.6182337],[8.7745304,47.6148618],[8.7775094,47.6127227],[8.7897965,47.6094092],[8.7881293,47.6041531],[8.8026907,47.6011111],[8.8017087,47.6029209],[8.8050378,47.6137341],[8.8139921,47.6172172],[8.8115432,47.618976],[8.8142918,47.6210847],[8.8116988,47.6226487],[8.8133084,47.6241187],[8.8131291,47.6274026],[8.8175915,47.6282523],[8.817834,47.6297337],[8.8202266,47.6293],[8.8209162,47.6316167],[8.8246741,47.6338934],[8.8237419,47.6344205],[8.8275106,47.6401075],[8.8258603,47.6442984],[8.8265775,47.6465119],[8.8054474,47.6521181],[8.8048776,47.6598691],[8.8034214,47.6606402],[8.8052526,47.6641976],[8.803965,47.6651452],[8.7885306,47.6653644],[8.7860064,47.6552079],[8.7824535,47.6524982],[8.776331,47.6489166],[8.7677031,47.6497743],[8.7552448,47.6420504],[8.7481793,47.6407912],[8.7471948,47.638647],[8.7433586,47.6397712],[8.7431499,47.6421538],[8.741741,47.6424086],[8.7354301,47.6415996],[8.7246506,47.6430587],[8.7196814,47.6411039],[8.7141789,47.644383],[8.7088323,47.641913],[8.7006603,47.6467103],[8.6883994,47.6498292],[8.6866969,47.6535974],[8.6850798,47.6534515],[8.6801034,47.6585447],[8.6776838,47.6625816],[8.6774692,47.6658413],[8.6790554,47.6678018],[8.6767831,47.6718708],[8.6694349,47.67467],[8.6679877,47.6771371],[8.6694179,47.6848935],[8.6599612,47.6861468],[8.6429111,47.6943997],[8.6245743,47.6912613],[8.6272155,47.6811282],[8.62665,47.6782932],[8.6192792,47.675057],[8.6133909,47.6784041],[8.606196,47.668663],[8.6088041,47.663418],[8.6128324,47.6608032],[8.6145368,47.6615582],[8.6193362,47.6594209],[8.6279199,47.653449],[8.6287737,47.6492613],[8.6233501,47.6409196],[8.6165383,47.6378929],[8.6078983,47.6370451],[8.6035314,47.6386256],[8.6037376,47.6409608],[8.6107919,47.6418669],[8.614138,47.6450425],[8.612828,47.649437],[8.6077051,47.6524169],[8.6044276,47.6512873],[8.6016931,47.645994],[8.5958843,47.6430842],[8.5969695,47.6305624],[8.5992603,47.6244381],[8.6048057,47.6170239],[8.6050053,47.6135041],[8.5957563,47.6056048],[8.5942671,47.5964398],[8.5826623,47.5928772],[8.578113,47.5890225],[8.5772361,47.5841707],[8.5801089,47.5771836],[8.5720206,47.5743871],[8.5675225,47.562578],[8.5592394,47.5532498],[8.5556957,47.5524292],[8.5515282,47.555404],[8.5483133,47.5643685],[8.5415833,47.5699279],[8.5462056,47.5713115],[8.5464439,47.5736951],[8.5350849,47.5752293],[8.537429,47.5778546],[8.5398534,47.5776508],[8.5335479,47.5821584],[8.5369915,47.5834328],[8.535353,47.5871158],[8.5466571,47.592445],[8.552871,47.5929568],[8.5552494,47.5940557],[8.5562767,47.5976369],[8.563083,47.5994463],[8.5616395,47.6013055],[8.5660047,47.6051951],[8.5663776,47.6098595],[8.5742947,47.6116522],[8.571231,47.6124845],[8.5697265,47.6168122],[8.5629176,47.6167017],[8.5578837,47.6244557],[8.5447129,47.6251381],[8.5429244,47.6270485],[8.5386795,47.6263021],[8.5389336,47.6309744],[8.5256195,47.6317096],[8.5207561,47.6343164],[8.5172569,47.6342498],[8.5148317,47.6301254],[8.5153027,47.6271079],[8.5127709,47.6256023],[8.5151608,47.6233945],[8.5075614,47.6238637],[8.5082847,47.6175487],[8.4937615,47.614552],[8.4835482,47.6137908],[8.4800738,47.6150941],[8.475273,47.6079364],[8.4708533,47.6086354],[8.4713758,47.6065929],[8.4664386,47.6029499],[8.456675,47.6023273],[8.457024,47.5973809],[8.4605766,47.5933339],[8.4605232,47.588379],[8.4648199,47.5880087],[8.4668689,47.5842478],[8.4810248,47.5852051],[8.488692,47.5878298],[8.4947497,47.5810327],[8.485278,47.5771512],[8.4767216,47.5778387],[8.4641844,47.5721924],[8.4569433,47.572477],[8.4335642,47.5666201],[8.4256792,47.5678595],[8.4188296,47.5651818],[8.4171254,47.5615142],[8.4176749,47.558455],[8.4144364,47.5538921],[8.4164975,47.550497],[8.4150518,47.5483909],[8.4172616,47.5460509],[8.4103996,47.5454876],[8.4050921,47.5418561],[8.4060471,47.5403528],[8.4042065,47.5382127],[8.4010054,47.5400302],[8.4039384,47.5337914],[8.3956126,47.5320712],[8.395717,47.5283161],[8.3933119,47.5257197],[8.3895313,47.5262861],[8.3866534,47.5288719],[8.3842046,47.5282],[8.3816327,47.5255484],[8.380373,47.5159716],[8.3770576,47.5123913],[8.3733714,47.5111166],[8.3673454,47.5121863],[8.3683736,47.5115393],[8.3612343,47.5101015],[8.3616383,47.5078249],[8.3576804,47.5025253],[8.3597894,47.5008203],[8.3630475,47.5011863],[8.3584307,47.4974812],[8.360839,47.495606],[8.3626474,47.4906013],[8.3630176,47.4816348],[8.3732537,47.4814695],[8.3752808,47.471644],[8.3671346,47.4698023],[8.3680627,47.4689707],[8.3656733,47.4662147],[8.3688413,47.4658035],[8.3726224,47.4601196],[8.3788731,47.4592733],[8.3800665,47.4564788],[8.3827218,47.4563269],[8.3866522,47.449729],[8.38175,47.4486977],[8.3821554,47.4464715],[8.3810061,47.4463736],[8.3844827,47.4352998],[8.3828582,47.4329057],[8.3770848,47.4338306],[8.3750201,47.4311923],[8.377251,47.4294075],[8.3876208,47.4279591],[8.3922645,47.4216878],[8.3875383,47.4163596],[8.3837913,47.4180257],[8.3817488,47.4162654],[8.38495,47.4144638],[8.3823502,47.4128553],[8.3811278,47.4093769],[8.384611,47.4062167],[8.3811852,47.4031995],[8.3791133,47.4025645],[8.3761686,47.404804],[8.3690768,47.4033153],[8.3680367,47.4014122],[8.3626978,47.4023145],[8.3632912,47.4010028],[8.3661683,47.3988938],[8.3799107,47.3996287],[8.3830476,47.3948188],[8.3918179,47.3958065],[8.3959965,47.3937113],[8.3946751,47.3914319],[8.3948627,47.383272],[8.3967328,47.3767135],[8.4002573,47.3742924],[8.4003553,47.3708641],[8.4070435,47.3702265],[8.4082025,47.3666502],[8.4053077,47.3646125],[8.4085736,47.3539445],[8.4038722,47.3465665],[8.4113767,47.3388838],[8.4163895,47.3371234],[8.4165492,47.3345962],[8.4125879,47.3285618],[8.4131072,47.3265145],[8.4162917,47.3244628],[8.428635,47.3269548],[8.4347752,47.3253214],[8.4498424,47.3304915],[8.4510349,47.3332825],[8.4550999,47.334085],[8.448506,47.3259759],[8.4497146,47.325629],[8.4491594,47.323353],[8.4457848,47.3199953],[8.4323032,47.3118366],[8.4282059,47.3004042],[8.421003,47.2975029],[8.4172269,47.2938629],[8.4035878,47.2917619],[8.4040766,47.2907758],[8.3972296,47.2879033],[8.3922078,47.2909699],[8.3886464,47.2900271],[8.395006,47.2780879],[8.4022398,47.2722527],[8.400588,47.2648143],[8.4045077,47.2601331],[8.4026999,47.25514],[8.412332,47.2470484],[8.4164867,47.2413224],[8.4144531,47.2387472],[8.4162503,47.2373529],[8.4185219,47.2261768],[8.4216847,47.2233208],[8.4292811,47.224873],[8.4371571,47.2236866],[8.4411217,47.2252153],[8.4431616,47.2230814],[8.4459125,47.2233355],[8.4478064,47.220023],[8.4521061,47.2195997],[8.4529458,47.2177609],[8.4559761,47.2183946],[8.4619954,47.2136011],[8.4700905,47.2134045],[8.4735483,47.2107832],[8.4732967,47.2085254],[8.4762199,47.2100215],[8.4834066,47.2087827],[8.4927541,47.2118429],[8.5028484,47.2121296],[8.5050557,47.214758],[8.5116083,47.215514],[8.5124281,47.2186587],[8.5174882,47.2196031],[8.5212142,47.2201807],[8.5306399,47.2177076],[8.5325996,47.2216735],[8.5357137,47.2208079],[8.5393302,47.2230813],[8.5526611,47.2216332],[8.5538365,47.2232373],[8.5598814,47.2197189],[8.5757032,47.2171982],[8.576657,47.2187363],[8.5832065,47.2176891],[8.5810266,47.2142353],[8.5822063,47.2110999],[8.5944917,47.2119147],[8.5974342,47.2092893],[8.5963772,47.2052848],[8.5982047,47.2019983],[8.6078492,47.2047353],[8.6151626,47.1993406],[8.617889,47.1949915],[8.6173259,47.192785],[8.6209865,47.1901471],[8.62063,47.1877462],[8.6277425,47.1799279],[8.6238235,47.1738457],[8.6247465,47.1727403],[8.6385575,47.1716362],[8.6422161,47.1689325],[8.6518569,47.1709525],[8.6606606,47.1703235],[8.6612293,47.1609515],[8.6741655,47.1594376],[8.6803255,47.1619856],[8.6916139,47.1632913],[8.6906772,47.1693927],[8.6823979,47.1743219],[8.6804323,47.178684],[8.6810954,47.1837198],[8.6876075,47.188523],[8.6941823,47.196359],[8.7023301,47.1979631],[8.7040423,47.2023023],[8.7100884,47.2004229],[8.7127766,47.2028671],[8.7405292,47.2115769],[8.7933525,47.2225672],[8.8086085,47.2200872],[8.7957647,47.2390543],[8.7965274,47.2425226],[8.7988511,47.2421093],[8.804567,47.2470215],[8.8230153,47.2509612],[8.8283343,47.2504621]],[[8.4383874,47.407592],[8.4388427,47.4086079],[8.4403716,47.4085235],[8.4383874,47.407592]]]}}]}
